Rank,Keyword,Monthly Vol,CPC,Score,Competitor Sources,Example Competitor URL,Build Slug
1,"tax tips for uber lyft and other car sharing drivers",0,0,0,1,"https://www.paycheckcity.com/insights/tax-tips-for-uber-lyft-and-other-car-sharing-drivers","/tax-tips-for-uber-lyft-and-other-car-sharing-drivers"
2,"five ways to spread the national payroll week survey message",0,0,0,1,"https://www.paycheckcity.com/insights/five-ways-to-spread-the-national-payroll-week-survey-message","/five-ways-to-spread-the-national-payroll-week-survey-message"
3,"be a winner this npw with your input on payroll",0,0,0,1,"https://www.paycheckcity.com/insights/be-a-winner-this-npw-with-your-input-on-payroll","/be-a-winner-this-npw-with-your-input-on-payroll"
4,"what is new with state tax in california for 2016",0,0,0,1,"https://www.paycheckcity.com/insights/what-is-new-with-state-tax-in-california-for-2016","/what-is-new-with-state-tax-in-california-for-2016"
5,"get all your 2016 new hampshire state tax info here",0,0,0,1,"https://www.paycheckcity.com/insights/get-all-your-2016-new-hampshire-state-tax-info-here","/get-all-your-2016-new-hampshire-state-tax-info-here"
6,"some facts on the jock tax looming over game 7",0,0,0,1,"https://www.paycheckcity.com/insights/some-facts-on-the-jock-tax-looming-over-game-7","/some-facts-on-the-jock-tax-looming-over-game-7"
7,"how much of my social security benefit may be taxed",0,0.33,0,1,"http://www.calcxml.com/calculators/how-much-of-my-social-security-benefit-may-be-taxed","/how-much-of-my-social-security-benefit-may-be-taxed"
8,"role affect and social norms preferences guaranteed income streams retirement",0,0,0,1,"https://www.tiaa.org/public/institute/publication/2020/role-affect-and-social-norms-preferences-guaranteed-income-streams-retirement","/role-affect-and-social-norms-preferences-guaranteed-income-streams-retirement"
9,"trends retirement and retirement income choices tiaa participants 2000 2018",0,0,0,1,"https://www.tiaa.org/public/institute/publication/2021/trends-retirement-and-retirement-income-choices-tiaa-participants-2000-2018","/trends-retirement-and-retirement-income-choices-tiaa-participants-2000-2018"
10,"an unrecognized barrier to retirement income security poor longevity literacy",0,0,0,1,"https://www.tiaa.org/public/institute/publication/2023/an-unrecognized-barrier-to-retirement-income-security-poor-longevity-literacy","/an-unrecognized-barrier-to-retirement-income-security-poor-longevity-literacy"
11,"tiaa institute report most people share similar plans for retire",0,0,0,1,"https://www.tiaa.org/public/institute/about/news/tiaa-institute-report-most-people-share-similar-plans-for-retire","/tiaa-institute-report-most-people-share-similar-plans-for-retire"
12,"tiaa weatlh management 2025 year end tax planning guide video",0,0,0,1,"https://www.tiaa.org/public/video/tiaa-weatlh-management-2025-year-end-tax-planning-guide-video","/tiaa-weatlh-management-2025-year-end-tax-planning-guide-video"
13,"how to get the most out of your retirement income",0,0,0,1,"https://www.tiaa.org/public/transitioners/how-to-get-the-most-out-of-your-retirement-income","/how-to-get-the-most-out-of-your-retirement-income"
14,"what happens to your 401k when you leave a job",0,3.56,0,1,"https://www.fidelity.com/learning-center/smart-money/what-happens-to-your-401k-when-you-leave-a-job","/what-happens-to-your-401k-when-you-leave-a-job"
15,"should you roll over 401k to ira while still working",0,0,0,1,"https://www.ameriprise.com/financial-goals-priorities/retirement/should-you-roll-over-401k-to-ira-while-still-working","/should-you-roll-over-401k-to-ira-while-still-working"
16,"keep your eyes out for this payroll tax scam",0,0,0,1,"https://www.paycheckcity.com/insights/keep-your-eyes-out-for-this-payroll-tax-scam","/keep-your-eyes-out-for-this-payroll-tax-scam"
17,"what to do if you missed the tax deadline",0,0,0,1,"https://www.paycheckcity.com/insights/what-to-do-if-you-missed-the-tax-deadline","/what-to-do-if-you-missed-the-tax-deadline"
18,"what is the difference between gross and net income",0,0.21,0,1,"https://www.paycheckcity.com/insights/what-is-the-difference-between-gross-and-net-income","/what-is-the-difference-between-gross-and-net-income"
19,"president joe biden announced a paid leave tax credit",0,0,0,1,"https://www.paycheckcity.com/insights/president-joe-biden-announced-a-paid-leave-tax-credit","/president-joe-biden-announced-a-paid-leave-tax-credit"
20,"five easy ways to participate in national payroll week",0,0,0,1,"https://www.paycheckcity.com/insights/five-easy-ways-to-participate-in-national-payroll-week","/five-easy-ways-to-participate-in-national-payroll-week"
21,"say hello to higher personal income tax in illinois",0,0,0,1,"https://www.paycheckcity.com/insights/say-hello-to-higher-personal-income-tax-in-illinois","/say-hello-to-higher-personal-income-tax-in-illinois"
22,"2017 social security changes what you need to know",0,0,0,1,"https://www.paycheckcity.com/insights/2017-social-security-changes-what-you-need-to-know","/2017-social-security-changes-what-you-need-to-know"
23,"what do top elected officials make in annual salary",0,0,0,1,"https://www.paycheckcity.com/insights/what-do-top-elected-officials-make-in-annual-salary","/what-do-top-elected-officials-make-in-annual-salary"
24,"state tax rules and more for georgia in 2016",0,0,0,1,"https://www.paycheckcity.com/insights/state-tax-rules-and-more-for-georgia-in-2016","/state-tax-rules-and-more-for-georgia-in-2016"
25,"5 year end tax planning strategies to consider now",0,0,0,1,"https://www.tiaa.org/public/invest/services/wealth-management/perspectives/5-year-end-tax-planning-strategies-to-consider-now","/5-year-end-tax-planning-strategies-to-consider-now"
26,"how much income in retirement fear of running out",0,0,0,1,"https://www.tiaa.org/public/invest/services/wealth-management/perspectives/how-much-income-in-retirement-fear-of-running-out","/how-much-income-in-retirement-fear-of-running-out"
27,"new report highlights link between retirement fluency and retire",0,0,0,1,"https://www.tiaa.org/public/institute/about/news/new-report-highlights-link-between-retirement-fluency-and-retire","/new-report-highlights-link-between-retirement-fluency-and-retire"
28,"if you get turned down for a home loan",0,0,0,1,"https://www.wellsfargo.com/mortgage/learn/if-you-get-turned-down-for-a-home-loan/","/if-you-get-turned-down-for-a-home-loan"
29,"what do you need to apply for a mortgage",0,5.38,0,1,"https://www.fidelity.com/learning-center/life-events/what-do-you-need-to-apply-for-a-mortgage","/what-do-you-need-to-apply-for-a-mortgage"
30,"can you have a roth ira and a 401k",0,3.32,0,1,"https://www.fidelity.com/learning-center/smart-money/can-you-have-a-roth-ira-and-a-401k","/can-you-have-a-roth-ira-and-a-401k"
31,"protecting your earned income with disability and life insurance",0,0,0,1,"https://www.ameriprise.com/financial-goals-priorities/insurance-health/protecting-your-earned-income-with-disability-and-life-insurance","/protecting-your-earned-income-with-disability-and-life-insurance"
32,"one big beautiful bill small business changes tax obbba",0,0,0,1,"https://www.ameriprise.com/financial-goals-priorities/personal-finance/one-big-beautiful-bill-small-business-changes-tax-obbba","/one-big-beautiful-bill-small-business-changes-tax-obbba"
33,"resident vs nonresident in the context of payroll",0,0,0,1,"https://www.paycheckcity.com/insights/resident-vs-nonresident-in-the-context-of-payroll","/resident-vs-nonresident-in-the-context-of-payroll"
34,"28 quotes to laugh at during tax season",0,0,0,1,"https://www.paycheckcity.com/insights/28-quotes-to-laugh-at-during-tax-season","/28-quotes-to-laugh-at-during-tax-season"
35,"the tax treatment mystery of frequent flier miles",0,0,0,1,"https://www.paycheckcity.com/insights/the-tax-treatment-mystery-of-frequent-flier-miles","/the-tax-treatment-mystery-of-frequent-flier-miles"
36,"watch out for these type of tax scams",0,0,0,1,"https://www.paycheckcity.com/insights/watch-out-for-these-type-of-tax-scams","/watch-out-for-these-type-of-tax-scams"
37,"2017 tax changes go live on paycheckcity calculators",0,0,0,1,"https://www.paycheckcity.com/insights/2017-tax-changes-go-live-on-paycheckcity-calculators","/2017-tax-changes-go-live-on-paycheckcity-calculators"
38,"what are the tax advantages of an annuity",0,0,0,1,"http://www.calcxml.com/calculators/what-are-the-tax-advantages-of-an-annuity","/what-are-the-tax-advantages-of-an-annuity"
39,"how much retirement income may an ira provide",0,0,0,1,"http://www.calcxml.com/calculators/how-much-retirement-income-may-an-ira-provide","/how-much-retirement-income-may-an-ira-provide"
40,"why investors should be thinking about lifetime income",0,0,0,1,"https://www.tiaa.org/public/invest/services/wealth-management/perspectives/why-investors-should-be-thinking-about-lifetime-income","/why-investors-should-be-thinking-about-lifetime-income"
41,"retirement social security deferral and life annuity demand",0,0,0,1,"https://www.tiaa.org/public/institute/publication/2024/retirement-social-security-deferral-and-life-annuity-demand","/retirement-social-security-deferral-and-life-annuity-demand"
42,"making retirement work reducing barriers guaranteed lifetime income",0,0,0,1,"https://www.tiaa.org/public/institute/about/events/making-retirement-work-reducing-barriers-guaranteed-lifetime-income","/making-retirement-work-reducing-barriers-guaranteed-lifetime-income"
43,"savings growth and lifetime income in retirement guaranteed",0,0,0,1,"https://www.tiaa.org/public/modal/savings-growth-and-lifetime-income-in-retirement-guaranteed","/savings-growth-and-lifetime-income-in-retirement-guaranteed"
44,"five big questions and answers about social security",0,0,0,1,"https://www.tiaa.org/public/transitioners/five-big-questions-and-answers-about-social-security","/five-big-questions-and-answers-about-social-security"
45,"529 to roth ira rollover rules college savings",0,0,0,1,"https://www.tiaa.org/public/invest/services/wealth-management/perspectives/529-to-roth-ira-rollover-rules-college-savings","/529-to-roth-ira-rollover-rules-college-savings"
46,"should you pay off your mortgage in retirement",0,1.75,0,1,"https://www.tiaa.org/public/learn/life-milestones/should-you-pay-off-your-mortgage-in-retirement","/should-you-pay-off-your-mortgage-in-retirement"
47,"seven tips for managing your student loan debt",0,0,0,1,"https://www.tiaa.org/public/learn/retirement-planning-and-beyond/managing-your-money/seven-tips-for-managing-your-student-loan-debt","/seven-tips-for-managing-your-student-loan-debt"
48,"how to get out of student loan debt",0,14.84,0,1,"https://www.fidelity.com/learning-center/life-events/how-to-get-out-of-student-loan-debt","/how-to-get-out-of-student-loan-debt"
49,"trump accounts vs 529 utma ugma roth ira",0,0,0,1,"https://www.fidelity.com/learning-center/personal-finance/trump-accounts-vs-529-utma-ugma-roth-ira","/trump-accounts-vs-529-utma-ugma-roth-ira"
50,"how much should i contribute to my 401k",0,1.61,0,1,"https://www.fidelity.com/learning-center/smart-money/how-much-should-i-contribute-to-my-401k","/how-much-should-i-contribute-to-my-401k"
51,"you ask we answer ira hsa retirement accounts",0,0,0,1,"https://www.fidelity.com/learning-center/women-talk-money/you-ask-we-answer-ira-hsa-retirement-accounts","/you-ask-we-answer-ira-hsa-retirement-accounts"
52,"roth ira strategies high income earners backdoor roth",0,0,0,1,"https://www.ameriprise.com/financial-goals-priorities/retirement/roth-ira-strategies-high-income-earners-backdoor-roth","/roth-ira-strategies-high-income-earners-backdoor-roth"
53,"use your tax refund for your financial goals",0,0,0,1,"https://www.ameriprise.com/financial-goals-priorities/taxes/use-your-tax-refund-for-your-financial-goals","/use-your-tax-refund-for-your-financial-goals"
54,"how to reduce taxable income",0,3.53,0,2,"https://www.tiaa.org/public/learn/personal-finance-101/how-to-reduce-taxable-income","/how-to-reduce-taxable-income"
55,"the top 5 most tax friendly states",0,0,0,1,"https://www.paycheckcity.com/insights/the-top-5-most-tax-friendly-states","/the-top-5-most-tax-friendly-states"
56,"irs tax relief for california wildfire victims",0,0,0,1,"https://www.paycheckcity.com/insights/irs-tax-relief-for-california-wildfire-victims","/irs-tax-relief-for-california-wildfire-victims"
57,"the seven states with no income tax",0,0,0,1,"https://www.paycheckcity.com/insights/the-seven-states-with-no-income-tax","/the-seven-states-with-no-income-tax"
58,"2016 maine state tax info is here",0,0,0,1,"https://www.paycheckcity.com/insights/2016-maine-state-tax-info-is-here","/2016-maine-state-tax-info-is-here"
59,"what is my potential estate tax liability",0,0,0,1,"http://www.calcxml.com/calculators/what-is-my-potential-estate-tax-liability","/what-is-my-potential-estate-tax-liability"
60,"how much disability income do i need",0,0,0,1,"http://www.calcxml.com/calculators/how-much-disability-income-do-i-need","/how-much-disability-income-do-i-need"
61,"monthly market roundup obbba legislation tax impact",0,0,0,1,"https://www.tiaa.org/public/invest/services/wealth-management/perspectives/monthly-market-roundup-obbba-legislation-tax-impact","/monthly-market-roundup-obbba-legislation-tax-impact"
62,"how to retire millionaire compound growth strategy",0,0,0,1,"https://www.tiaa.org/public/learn/financial-essentials/how-to-retire-millionaire-compound-growth-strategy","/how-to-retire-millionaire-compound-growth-strategy"
63,"lifetime financial security with guaranteed retirement income",0,0,0,1,"https://www.tiaa.org/public/plansponsors/insights/tmrw/edition-2/lifetime-financial-security-with-guaranteed-retirement-income","/lifetime-financial-security-with-guaranteed-retirement-income"
64,"retire or not examining life after end",0,0,0,1,"https://www.tiaa.org/public/institute/publication/1999/retire-or-not-examining-life-after-end","/retire-or-not-examining-life-after-end"
65,"social security experts discuss funding issues and",0,0,0,1,"https://www.tiaa.org/public/institute/publication/2005/social-security-experts-discuss-funding-issues-and","/social-security-experts-discuss-funding-issues-and"
66,"want to know when you can retire",0,0,0,1,"https://www.tiaa.org/public/institute/publication/2023/want-to-know-when-you-can-retire","/want-to-know-when-you-can-retire"
67,"social security everything you need to know",0,0,0,1,"https://www.tiaa.org/public/transitioners/social-security-everything-you-need-to-know","/social-security-everything-you-need-to-know"
68,"roth ira for adult children custodial benefits",0,0,0,1,"https://www.tiaa.org/public/invest/services/wealth-management/perspectives/roth-ira-for-adult-children-custodial-benefits","/roth-ira-for-adult-children-custodial-benefits"
69,"turning your tiaa traditional into income 1694389",0,0,0,1,"https://www.tiaa.org/public/land/turning-your-tiaa-traditional-into-income_1694389","/turning-your-tiaa-traditional-into-income-1694389"
70,"how to pay off your mortgage early",0,2.16,0,1,"https://www.fidelity.com/learning-center/life-events/how-to-pay-off-your-mortgage-early","/how-to-pay-off-your-mortgage-early"
71,"what to do with an inherited ira",0,1.19,0,1,"https://www.fidelity.com/learning-center/life-events/what-to-do-with-an-inherited-ira","/what-to-do-with-an-inherited-ira"
72,"social security tax torpedo and hidden taxes",0,0,0,1,"https://www.fidelity.com/learning-center/personal-finance/social-security-tax-torpedo-and-hidden-taxes","/social-security-tax-torpedo-and-hidden-taxes"
73,"what to consider after maxing out 401k",0,0,0,1,"https://www.fidelity.com/learning-center/personal-finance/what-to-consider-after-maxing-out-401k","/what-to-consider-after-maxing-out-401k"
74,"what happens to 401k when you die",0,0.36,0,1,"https://www.fidelity.com/learning-center/smart-money/what-happens-to-401k-when-you-die","/what-happens-to-401k-when-you-die"
75,"what is long term capital gains tax",0,3.12,0,1,"https://www.fidelity.com/learning-center/smart-money/what-is-long-term-capital-gains-tax","/what-is-long-term-capital-gains-tax"
76,"what to do with your tax refund",0,0,0,1,"https://www.fidelity.com/learning-center/smart-money/what-to-do-with-your-tax-refund","/what-to-do-with-your-tax-refund"
77,"who can contribute to a roth ira",0,1.42,0,1,"https://www.fidelity.com/learning-center/smart-money/who-can-contribute-to-a-roth-ira","/who-can-contribute-to-a-roth-ira"
78,"fresh invest podcast actively seeking passive income",0,0,0,1,"https://www.fidelity.com/learning-center/trading-investing/fresh-invest-podcast-actively-seeking-passive-income","/fresh-invest-podcast-actively-seeking-passive-income"
79,"what is short term capital gains tax",0,1.13,0,1,"https://www.fidelity.com/learning-center/trading-investing/what-is-short-term-capital-gains-tax","/what-is-short-term-capital-gains-tax"
80,"earn too much contribute roth ira conversion",0,0,0,1,"https://www.fidelity.com/viewpoints/retirement/earn-too-much-contribute-roth-ira-conversion","/earn-too-much-contribute-roth-ira-conversion"
81,"how much do i need to retire",0,2.45,0,1,"https://www.fidelity.com/viewpoints/retirement/how-much-do-i-need-to-retire","/how-much-do-i-need-to-retire"
82,"what to do with an old 401k",0,4.33,0,1,"https://www.fidelity.com/viewpoints/retirement/what-to-do-with-an-old-401k","/what-to-do-with-an-old-401k"
83,"common tax mistakes for investors to avoid",0,0,0,1,"https://www.ameriprise.com/financial-goals-priorities/taxes/common-tax-mistakes-for-investors-to-avoid","/common-tax-mistakes-for-investors-to-avoid"
84,"mortgage for purchase price and down payment",0,0,0,1,"https://www.ameriprise.com/financial-news-research/financial-calculators/mortgage-for-purchase-price-and-down-payment","/mortgage-for-purchase-price-and-down-payment"
85,"roth ira conversion calculator",0,2.84,0,2,"http://www.calcxml.com/calculators/roth-ira-conversion-calculator","/roth-ira-conversion-calculator"
86,"debt to income calculator",0,2.01,0,2,"https://www.wellsfargo.com/es/goals-credit/debt-to-income-calculator/","/debt-to-income-calculator"
87,"how to retire early",0,2.86,0,2,"https://www.fidelity.com/learning-center/personal-finance/how-to-retire-early","/how-to-retire-early"
88,"what is a 401k",0,6.21,0,2,"https://www.fidelity.com/learning-center/smart-money/what-is-a-401k","/what-is-a-401k"
89,"net investment income tax",0,0.8,0,2,"https://www.fidelity.com/learning-center/trading-investing/net-investment-income-tax","/net-investment-income-tax"
90,"what first time payroll employees make",0,0,0,1,"https://www.paycheckcity.com/insights/what-first-time-payroll-employees-make","/what-first-time-payroll-employees-make"
91,"2016 tax changes hit paycheckcity calculators",0,0,0,1,"https://www.paycheckcity.com/insights/2016-tax-changes-hit-paycheckcity-calculators","/2016-tax-changes-hit-paycheckcity-calculators"
92,"get ready for national payroll week",0,0,0,1,"https://www.paycheckcity.com/insights/get-ready-for-national-payroll-week","/get-ready-for-national-payroll-week"
93,"the 12 best places to retire",0,0,0,1,"https://www.paycheckcity.com/insights/the-12-best-places-to-retire","/the-12-best-places-to-retire"
94,"social security wage base increase 2015",0,0,0,1,"https://www.paycheckcity.com/insights/social-security-wage-base-increase-2015","/social-security-wage-base-increase-2015"
95,"the funny side of tax season",0,0,0,1,"https://www.paycheckcity.com/insights/the-funny-side-of-tax-season","/the-funny-side-of-tax-season"
96,"wyoming state tax information for 2016",0,0,0,1,"https://www.paycheckcity.com/insights/wyoming-state-tax-information-for-2016","/wyoming-state-tax-information-for-2016"
97,"should i adjust my payroll withholdings",0,0,0,1,"http://www.calcxml.com/calculators/should-i-adjust-my-payroll-withholdings","/should-i-adjust-my-payroll-withholdings"
98,"529 plan benefits beyond tax advantages",0,0,0,1,"https://www.tiaa.org/public/retire/life-essentials/saving-for-education/529-plan-benefits-beyond-tax-advantages","/529-plan-benefits-beyond-tax-advantages"
99,"year end tax planning strategies 2024",0,0,0,1,"https://www.tiaa.org/public/invest/services/wealth-management/perspectives/year-end-tax-planning-strategies-2024","/year-end-tax-planning-strategies-2024"
100,"last minute tax tips and strategies",0,0,0,1,"https://www.tiaa.org/public/invest/services/wealth-management/perspectives/last-minute-tax-tips-and-strategies","/last-minute-tax-tips-and-strategies"
101,"how to increase social security income",0,0,0,1,"https://www.tiaa.org/public/invest/services/wealth-management/perspectives/how-to-increase-social-security-income","/how-to-increase-social-security-income"
102,"building retirement savings lifetime income strategy",0,0,0,1,"https://www.tiaa.org/public/learn/financial-essentials/building-retirement-savings-lifetime-income-strategy","/building-retirement-savings-lifetime-income-strategy"
103,"credit score debt to income basics",0,0,0,1,"https://www.tiaa.org/public/learn/financial-essentials/early-career-financial-security-guide/credit-score-debt-to-income-basics","/credit-score-debt-to-income-basics"
104,"income security third age concepts and",0,0,0,1,"https://www.tiaa.org/public/institute/publication/1997/income-security-third-age-concepts-and","/income-security-third-age-concepts-and"
105,"should social security rely solely payroll",0,0,0,1,"https://www.tiaa.org/public/institute/publication/2009/should-social-security-rely-solely-payroll","/should-social-security-rely-solely-payroll"
106,"social security claiming widow poverty risk",0,0,0,1,"https://www.tiaa.org/public/institute/publication/2026/social-security-claiming-widow-poverty-risk","/social-security-claiming-widow-poverty-risk"
107,"lifetime income options defined contribution plans",0,0,0,1,"https://www.tiaa.org/public/b2b/thought-leadership/modernizing-the-default/lifetime-income-options-defined-contribution-plans","/lifetime-income-options-defined-contribution-plans"
108,"annuities benefits retirement happiness guaranteed income",0,0,0,1,"https://www.tiaa.org/public/invest/services/wealth-management/perspectives/annuities-benefits-retirement-happiness-guaranteed-income","/annuities-benefits-retirement-happiness-guaranteed-income"
109,"benefits of paying off mortgage early",0,1.59,0,1,"https://www.tiaa.org/public/learn/personal-finance-101/benefits-of-paying-off-mortgage-early","/benefits-of-paying-off-mortgage-early"
110,"ways to maximize your retirement income",0,0,0,1,"https://www.tiaa.org/public/learn/retirement-planning-and-beyond/ways-to-maximize-your-retirement-income","/ways-to-maximize-your-retirement-income"
111,"protect retirement income from healthcare costs",0,0,0,1,"https://www.tiaa.org/public/learn/prepare-unexpected/protect-retirement-income-from-healthcare-costs","/protect-retirement-income-from-healthcare-costs"
112,"qualify for traditional and roth ira",0,0,0,1,"https://www.tiaa.org/public/learn/tools/iraselector/qualify-for-traditional-and-roth-ira","/qualify-for-traditional-and-roth-ira"
113,"financial and tax benefits of marriage",0,0,0,1,"https://www.fidelity.com/learning-center/life-events/financial-and-tax-benefits-of-marriage","/financial-and-tax-benefits-of-marriage"
114,"do you have enough to retire",0,1.26,0,1,"https://www.fidelity.com/learning-center/money-unscripted/do-you-have-enough-to-retire","/do-you-have-enough-to-retire"
115,"401k catch up contributions high earners",0,0,0,1,"https://www.fidelity.com/learning-center/personal-finance/401k-catch-up-contributions-high-earners","/401k-catch-up-contributions-high-earners"
116,"best states to retire for taxes",0,1.23,0,1,"https://www.fidelity.com/learning-center/personal-finance/best-states-to-retire-for-taxes","/best-states-to-retire-for-taxes"
117,"can you retire with one million",0,0,0,1,"https://www.fidelity.com/learning-center/personal-finance/can-you-retire-with-one-million","/can-you-retire-with-one-million"
118,"how to invest an inherited ira",0,1.78,0,1,"https://www.fidelity.com/learning-center/personal-finance/retirement/how-to-invest-an-inherited-ira","/how-to-invest-an-inherited-ira"
119,"trump account to roth ira conversion",0,0,0,1,"https://www.fidelity.com/learning-center/personal-finance/trump-account-to-roth-ira-conversion","/trump-account-to-roth-ira-conversion"
120,"what is the estate tax exemption",0,3.28,0,1,"https://www.fidelity.com/learning-center/personal-finance/what-is-the-estate-tax-exemption","/what-is-the-estate-tax-exemption"
121,"child and dependent care tax credit",0,0,0,1,"https://www.fidelity.com/learning-center/smart-money/child-and-dependent-care-tax-credit","/child-and-dependent-care-tax-credit"
122,"how to file a tax extension",0,7.97,0,1,"https://www.fidelity.com/learning-center/smart-money/how-to-file-a-tax-extension","/how-to-file-a-tax-extension"
123,"i need my 401k money now",0,28.71,0,1,"https://www.fidelity.com/learning-center/smart-money/i-need-my-401k-money-now","/i-need-my-401k-money-now"
124,"what is a solo roth 401k",0,0.8,0,1,"https://www.fidelity.com/learning-center/smart-money/what-is-a-solo-roth-401k","/what-is-a-solo-roth-401k"
125,"who can open a roth ira",0,3.6,0,1,"https://www.fidelity.com/learning-center/smart-money/who-can-open-a-roth-ira","/who-can-open-a-roth-ira"
126,"what is a crypto ira video",0,0,0,1,"https://www.fidelity.com/learning-center/trading-investing/crypto/what-is-a-crypto-ira-video","/what-is-a-crypto-ira-video"
127,"how to open a roth ira",0,10.98,0,1,"https://www.fidelity.com/learning-center/trading-investing/how-to-open-a-roth-ira","/how-to-open-a-roth-ira"
128,"how to open a traditional ira",0,14.5,0,1,"https://www.fidelity.com/learning-center/trading-investing/how-to-open-a-traditional-ira","/how-to-open-a-traditional-ira"
129,"can you leave ira to trust",0,0,0,1,"https://www.fidelity.com/learning-center/wealth-management-insights/can-you-leave-ira-to-trust","/can-you-leave-ira-to-trust"
130,"prior year tax exempt income information",0,0,0,1,"https://www.fidelity.com/tax-information/prior-year-tax-exempt-income-information","/prior-year-tax-exempt-income-information"
131,"managing your tax loss with sectors",0,0,0,1,"https://www.fidelity.com/viewpoints/active-investor/managing-your-tax-loss-with-sectors","/managing-your-tax-loss-with-sectors"
132,"estate tax and transfers to spouses",0,0,0,1,"https://www.fidelity.com/viewpoints/wealth-management/insights/estate-tax-and-transfers-to-spouses","/estate-tax-and-transfers-to-spouses"
133,"lifetime gift and estate tax exclusions",0,0,0,1,"https://www.fidelity.com/viewpoints/wealth-management/insights/lifetime-gift-and-estate-tax-exclusions","/lifetime-gift-and-estate-tax-exclusions"
134,"how to manage student loan debt",0,9.49,0,1,"https://www.ameriprise.com/financial-goals-priorities/personal-finance/how-to-manage-student-loan-debt","/how-to-manage-student-loan-debt"
135,"should you pay off your mortgage",0,0.73,0,1,"https://www.ameriprise.com/financial-goals-priorities/personal-finance/should-you-pay-off-your-mortgage","/should-you-pay-off-your-mortgage"
136,"one big beautiful bill tax cuts",0,0,0,1,"https://www.ameriprise.com/financial-goals-priorities/taxes/one-big-beautiful-bill-tax-cuts","/one-big-beautiful-bill-tax-cuts"
137,"roth ira vs traditional ira calculator",0,2.45,0,1,"https://www.ameriprise.com/financial-news-research/financial-calculators/roth-ira-vs-traditional-ira-calculator","/roth-ira-vs-traditional-ira-calculator"
138,"ira rollover calculator",0,3.81,0,2,"http://www.calcxml.com/calculators/ira-rollover-calculator","/ira-rollover-calculator"
139,"retirement income sources",0,6.96,0,2,"https://www.tiaa.org/public/education/essentials/annuitization/retirement-income-sources","/retirement-income-sources"
140,"self employment tax",0,7.6,0,2,"https://www.fidelity.com/learning-center/life-events/self-employment-tax","/self-employment-tax"
141,"social security myths",0,0.28,0,2,"https://www.fidelity.com/viewpoints/retirement/social-security-myths","/social-security-myths"
142,"your go to payroll glossary",0,0,0,1,"https://www.paycheckcity.com/insights/your-go-to-payroll-glossary","/your-go-to-payroll-glossary"
143,"the basics of medicare tax",0,0,0,1,"https://www.paycheckcity.com/insights/the-basics-of-medicare-tax","/the-basics-of-medicare-tax"
144,"state local federal income tax",0,0,0,1,"https://www.paycheckcity.com/insights/state-local-federal-income-tax","/state-local-federal-income-tax"
145,"w2 vs w3 tax forms",0,0,0,1,"https://www.paycheckcity.com/insights/w2-vs-w3-tax-forms","/w2-vs-w3-tax-forms"
146,"what is self employment tax",0,1.53,0,1,"https://www.paycheckcity.com/insights/what-is-self-employment-tax","/what-is-self-employment-tax"
147,"new year irs tax updates",0,0,0,1,"https://www.paycheckcity.com/insights/new-year-irs-tax-updates","/new-year-irs-tax-updates"
148,"telecommuting and employee state income",0,0,0,1,"https://www.paycheckcity.com/insights/telecommuting-and-employee-state-income","/telecommuting-and-employee-state-income"
149,"what is an auto ira",0,0,0,1,"https://www.paycheckcity.com/insights/what-is-an-auto-ira","/what-is-an-auto-ira"
150,"payroll tax vs income tax",0,26.13,0,1,"https://www.paycheckcity.com/insights/payroll-tax-vs-income-tax","/payroll-tax-vs-income-tax"
151,"what is a tax turtle",0,0,0,1,"https://www.paycheckcity.com/insights/what-is-a-tax-turtle","/what-is-a-tax-turtle"
152,"celebrate payroll and be recognized",0,0,0,1,"https://www.paycheckcity.com/insights/celebrate-payroll-and-be-recognized","/celebrate-payroll-and-be-recognized"
153,"what you have always wondered about 2016 arkansas state taxes",0,0,0,1,"https://www.paycheckcity.com/insights/what-you-have-always-wondered-about-2016-arkansas-state-taxes","/what-you-have-always-wondered-about-2016-arkansas-state-taxes"
154,"what do state taxes look like in colorado for 2016",0,0,0,1,"https://www.paycheckcity.com/insights/what-do-state-taxes-look-like-in-colorado-for-2016","/what-do-state-taxes-look-like-in-colorado-for-2016"
155,"a look at the most important 2016 alaska state taxes",0,0,0,1,"https://www.paycheckcity.com/insights/a-look-at-the-most-important-2016-alaska-state-taxes","/a-look-at-the-most-important-2016-alaska-state-taxes"
156,"everything you need to know about utah 2016 state taxes",0,0,0,1,"https://www.paycheckcity.com/insights/everything-you-need-to-know-about-utah-2016-state-taxes","/everything-you-need-to-know-about-utah-2016-state-taxes"
157,"what new jersey residents must pay in 2016 state taxes",0,0,0,1,"https://www.paycheckcity.com/insights/what-new-jersey-residents-must-pay-in-2016-state-taxes","/what-new-jersey-residents-must-pay-in-2016-state-taxes"
158,"alabama 2016 state taxes and requirements and more oh my",0,0,0,1,"https://www.paycheckcity.com/insights/alabama-2016-state-taxes-and-requirements-and-more-oh-my","/alabama-2016-state-taxes-and-requirements-and-more-oh-my"
159,"fixed or adjustable rate mortgage",0,10.22,0,1,"http://www.calcxml.com/calculators/fixed-or-adjustable-rate-mortgage","/fixed-or-adjustable-rate-mortgage"
160,"how much can i borrow from my home equity heloc",0,0,0,1,"http://www.calcxml.com/calculators/how-much-can-i-borrow-from-my-home-equity-heloc","/how-much-can-i-borrow-from-my-home-equity-heloc"
161,"social security retirement income estimator",0,0.01,0,1,"http://www.calcxml.com/calculators/social-security-retirement-income-estimator","/social-security-retirement-income-estimator"
162,"how to invest your ira",0,5.63,0,1,"https://www.tiaa.org/public/retire/financial-products/iras/how-to-invest-your-ira","/how-to-invest-your-ira"
163,"roll over to an ira",0,9.01,0,1,"https://www.tiaa.org/public/retire/financial-products/iras/roll-over-to-an-ira","/roll-over-to-an-ira"
164,"roth ira benefits tax advantages",0,0,0,1,"https://www.tiaa.org/public/invest/services/wealth-management/perspectives/roth-ira-benefits-tax-advantages","/roth-ira-benefits-tax-advantages"
165,"myga explained guaranteed annuity income",0,0,0,1,"https://www.tiaa.org/public/invest/services/wealth-management/perspectives/myga-explained-guaranteed-annuity-income","/myga-explained-guaranteed-annuity-income"
166,"retire overseas healthcare retirement taxes",0,0,0,1,"https://www.tiaa.org/public/invest/services/wealth-management/perspectives/retire-overseas-healthcare-retirement-taxes","/retire-overseas-healthcare-retirement-taxes"
167,"student loan repayment financial planning",0,0,0,1,"https://www.tiaa.org/public/invest/services/wealth-management/perspectives/student-loan-repayment-financial-planning","/student-loan-repayment-financial-planning"
168,"medical expenses tax deduction savings",0,0,0,1,"https://www.tiaa.org/public/invest/services/wealth-management/perspectives/medical-expenses-tax-deduction-savings","/medical-expenses-tax-deduction-savings"
169,"is a modern retirement community the right place for you",0,0,0,1,"https://www.tiaa.org/public/invest/services/wealth-management/perspectives/is-a-modern-retirement-community-the-right-place-for-you","/is-a-modern-retirement-community-the-right-place-for-you"
170,"how to put retirement first and still help with college",0,0,0,1,"https://www.tiaa.org/public/invest/services/wealth-management/perspectives/how-to-put-retirement-first-and-still-help-with-college","/how-to-put-retirement-first-and-still-help-with-college"
171,"retirement income planning and diversification",0,0,0,1,"https://www.tiaa.org/public/invest/services/wealth-management/perspectives/retirement-income-planning-and-diversification","/retirement-income-planning-and-diversification"
172,"guide to maximizing 401k match",0,0,0,1,"https://www.tiaa.org/public/invest/services/wealth-management/perspectives/guide-to-maximizing-401k-match","/guide-to-maximizing-401k-match"
173,"529 to roth ira rules",0,4.19,0,1,"https://www.tiaa.org/public/invest/services/wealth-management/perspectives/529-to-roth-ira-rules","/529-to-roth-ira-rules"
174,"maximize charitable giving tax deductions",0,0,0,1,"https://www.tiaa.org/public/invest/services/wealth-management/perspectives/maximize-charitable-giving-tax-deductions","/maximize-charitable-giving-tax-deductions"
175,"small retirement plan savings increases make for a bigger retirement",0,0,0,1,"https://www.tiaa.org/public/learn/financial-essentials/small-retirement-plan-savings-increases-make-for-a-bigger-retirement","/small-retirement-plan-savings-increases-make-for-a-bigger-retirement"
176,"general account talking fixed income",0,0,0,1,"https://www.tiaa.org/public/plansponsors/insights/thought-leadership/general-account-talking-fixed-income","/general-account-talking-fixed-income"
177,"recent trends selection retirement income",0,0,0,1,"https://www.tiaa.org/public/institute/publication/2002/recent-trends-selection-retirement-income","/recent-trends-selection-retirement-income"
178,"2004 report social security trustees",0,0,0,1,"https://www.tiaa.org/public/institute/publication/2004/2004-report-social-security-trustees","/2004-report-social-security-trustees"
179,"tax efficient saving and investing",0,0,0,1,"https://www.tiaa.org/public/institute/publication/2006/tax-efficient-saving-and-investing","/tax-efficient-saving-and-investing"
180,"tax efficient sequencing accounts tap",0,0,0,1,"https://www.tiaa.org/public/institute/publication/2006/tax-efficient-sequencing-accounts-tap","/tax-efficient-sequencing-accounts-tap"
181,"social security factors affecting decision",0,0,0,1,"https://www.tiaa.org/public/institute/publication/2008/social-security-factors-affecting-decision","/social-security-factors-affecting-decision"
182,"converting assets income retirement what",0,0,0,1,"https://www.tiaa.org/public/institute/publication/2009/converting-assets-income-retirement-what","/converting-assets-income-retirement-what"
183,"achieving retirement income security comparison",0,0,0,1,"https://www.tiaa.org/public/institute/publication/2016/achieving-retirement-income-security-comparison","/achieving-retirement-income-security-comparison"
184,"variable annuities lifetime income guarantees",0,0,0,1,"https://www.tiaa.org/public/institute/publication/2016/variable-annuities-lifetime-income-guarantees","/variable-annuities-lifetime-income-guarantees"
185,"how do distributions retirement accounts respond early withdrawal penalties 0",0,0,0,1,"https://www.tiaa.org/public/institute/publication/2017/how-do-distributions-retirement-accounts-respond-early-withdrawal-penalties-0","/how-do-distributions-retirement-accounts-respond-early-withdrawal-penalties-0"
186,"older womens labor market attachment retirement planning and household debt",0,0,0,1,"https://www.tiaa.org/public/institute/publication/2017/older-womens-labor-market-attachment-retirement-planning-and-household-debt","/older-womens-labor-market-attachment-retirement-planning-and-household-debt"
187,"what health and retirement study tells us about cognitive ability",0,0,0,1,"https://www.tiaa.org/public/institute/publication/2018/what-health-and-retirement-study-tells-us-about-cognitive-ability","/what-health-and-retirement-study-tells-us-about-cognitive-ability"
188,"women are facing retirement crisis jo ann jenkins ceo aarp",0,0,0,1,"https://www.tiaa.org/public/institute/publication/2022/women-are-facing-retirement-crisis-jo-ann-jenkins-ceo-aarp","/women-are-facing-retirement-crisis-jo-ann-jenkins-ceo-aarp"
189,"schools and their faculty retirees the potential for mutual goodwill",0,0,0,1,"https://www.tiaa.org/public/institute/publication/2025/schools-and-their-faculty-retirees-the-potential-for-mutual-goodwill","/schools-and-their-faculty-retirees-the-potential-for-mutual-goodwill"
190,"retirement savings to retirement income",0,0,0,1,"https://www.tiaa.org/public/institute/publication/2025/retirement-savings-to-retirement-income","/retirement-savings-to-retirement-income"
191,"the impact of procrastination on estate planning retirement and health",0,0,0,1,"https://www.tiaa.org/public/institute/publication/2026/the-impact-of-procrastination-on-estate-planning-retirement-and-health","/the-impact-of-procrastination-on-estate-planning-retirement-and-health"
192,"inflation forces 1 in 4 americans to cut retirement savings",0,0,0,1,"https://www.tiaa.org/public/institute/about/news/inflation-forces-1-in-4-americans-to-cut-retirement-savings","/inflation-forces-1-in-4-americans-to-cut-retirement-savings"
193,"only 20 percent of gen z are saving for retirement",0,0,0,1,"https://www.tiaa.org/public/institute/about/news/only-20-percent-of-gen-z-are-saving-for-retirement","/only-20-percent-of-gen-z-are-saving-for-retirement"
194,"tax questions and tax information",0,0,0,1,"https://www.tiaa.org/public/tax-questions-and-tax-information","/tax-questions-and-tax-information"
195,"creating a replacement income strategy",0,0,0,1,"https://www.tiaa.org/public/transitioners/creating-a-replacement-income-strategy","/creating-a-replacement-income-strategy"
196,"is there a chance i can run out of money",0,0,0,1,"https://www.tiaa.org/public/transitioners/is-there-a-chance-i-can-run-out-of-money","/is-there-a-chance-i-can-run-out-of-money"
197,"will i have enough money to leave for my family",0,0,0,1,"https://www.tiaa.org/public/transitioners/will-i-have-enough-money-to-leave-for-my-family","/will-i-have-enough-money-to-leave-for-my-family"
198,"how taxes can impact your retirement savings and social securi",0,0,0,1,"https://www.tiaa.org/public/transitioners/how-taxes-can--impact--your-retirement-savings-and-social-securi","/how-taxes-can-impact-your-retirement-savings-and-social-securi"
199,"working part time in retirement is it right for you",0,0,0,1,"https://www.tiaa.org/public/transitioners/working-part-time-in-retirement--is-it-right-for-you","/working-part-time-in-retirement-is-it-right-for-you"
200,"roth ira starting early benefits",0,0,0,1,"https://www.tiaa.org/public/invest/services/wealth-management/perspectives/roth-ira-starting-early-benefits","/roth-ira-starting-early-benefits"
201,"roth conversion retirement tax window",0,0,0,1,"https://www.tiaa.org/public/invest/services/wealth-management/perspectives/roth-conversion-retirement-tax-window","/roth-conversion-retirement-tax-window"
202,"rmds explained requirements tax brackets",0,0,0,1,"https://www.tiaa.org/public/invest/services/wealth-management/perspectives/rmds-explained-requirements-tax-brackets","/rmds-explained-requirements-tax-brackets"
203,"can i afford to retire",0,0,0,1,"https://www.tiaa.org/public/learn/prepare-unexpected/can-i-afford-to-retire","/can-i-afford-to-retire"
204,"social security and medicare basics",0,0,0,1,"https://www.tiaa.org/public/learn/retirement-planning-and-beyond/social-security-and-medicare-basics","/social-security-and-medicare-basics"
205,"retirement income that never retires",0,0,0,1,"https://www.tiaa.org/public/modal/retirement-income-that-never-retires","/retirement-income-that-never-retires"
206,"annuities can provide lifetime income",0,0,0,1,"https://www.tiaa.org/public/retire/services/preparing-for-retirement/key-decisions/annuities-can-provide-lifetime-income","/annuities-can-provide-lifetime-income"
207,"merchant payroll leadform submit disclosure",0,0,0,1,"https://www.wellsfargo.com/es/_reusable/lead_form/merchant/merchant_payroll_leadform_submit_disclosure/","/merchant-payroll-leadform-submit-disclosure"
208,"ats notice ira erisa accounts",0,0,0,1,"https://www.wellsfargo.com/investing-wealth/ats-notice-ira-erisa-accounts/","/ats-notice-ira-erisa-accounts"
209,"benefits of refinancing your mortgage",0,0,0,1,"https://www.wellsfargo.com/mortgage/learn/benefits-of-refinancing-your-mortgage/","/benefits-of-refinancing-your-mortgage"
210,"fixed vs adjustable rate mortgage",0,0,0,1,"https://www.wellsfargo.com/mortgage/learn/fixed-vs-adjustable-rate-mortgage/","/fixed-vs-adjustable-rate-mortgage"
211,"steps to understand mortgage underwriting",0,0,0,1,"https://www.wellsfargo.com/mortgage/learn/steps-to-understand-mortgage-underwriting/","/steps-to-understand-mortgage-underwriting"
212,"what is a jumbo loan",0,0,0,1,"https://www.wellsfargo.com/mortgage/learn/what-is-a-jumbo-loan/","/what-is-a-jumbo-loan"
213,"uses of a personal loan",0,0,0,1,"https://www.wellsfargo.com/personal-loans/uses-of-a-personal-loan/","/uses-of-a-personal-loan"
214,"move money in crypto ira",0,0,0,1,"https://www.fidelity.com/crypto/help/move-money-in-crypto-ira","/move-money-in-crypto-ira"
215,"move money out crypto ira",0,0,0,1,"https://www.fidelity.com/crypto/help/move-money-out-crypto-ira","/move-money-out-crypto-ira"
216,"fixed income analysis tool faqs",0,0,0,1,"https://www.fidelity.com/fixed-income-bonds/fixed-income-tools-services/fixed-income-analysis-tool-faqs","/fixed-income-analysis-tool-faqs"
217,"tax rules for losses etfs",0,0,0,1,"https://www.fidelity.com/learning-center/investment-products/etf/tax-rules-for-losses-etfs","/tax-rules-for-losses-etfs"
218,"financial independence retire early fire",0,0,0,1,"https://www.fidelity.com/learning-center/personal-finance/financial-independence-retire-early-fire","/financial-independence-retire-early-fire"
219,"getting started on tax returns",0,0,0,1,"https://www.fidelity.com/learning-center/personal-finance/getting-started-on-tax-returns","/getting-started-on-tax-returns"
220,"habits of tax savvy investors",0,0,0,1,"https://www.fidelity.com/learning-center/personal-finance/habits-of-tax-savvy-investors","/habits-of-tax-savvy-investors"
221,"how do tax brackets work",0,0,0,1,"https://www.fidelity.com/learning-center/personal-finance/how-do-tax-brackets-work","/how-do-tax-brackets-work"
222,"keep more of your income",0,0,0,1,"https://www.fidelity.com/learning-center/personal-finance/keep-more-of-your-income","/keep-more-of-your-income"
223,"magi modified adjusted gross income",0,0,0,1,"https://www.fidelity.com/learning-center/personal-finance/magi-modified-adjusted-gross-income","/magi-modified-adjusted-gross-income"
224,"investing before retirement income growth",0,0,0,1,"https://www.fidelity.com/learning-center/personal-finance/retirement/investing-before-retirement-income-growth","/investing-before-retirement-income-growth"
225,"reducing taxes on social security",0,0,0,1,"https://www.fidelity.com/learning-center/personal-finance/retirement/reducing-taxes-on-social-security","/reducing-taxes-on-social-security"
226,"rollover 401k to roth ira",0,0,0,1,"https://www.fidelity.com/learning-center/personal-finance/retirement/rollover-401k-to-roth-ira","/rollover-401k-to-roth-ira"
227,"roth ira 5 year rule",0,0,0,1,"https://www.fidelity.com/learning-center/personal-finance/retirement/roth-ira-5-year-rule","/roth-ira-5-year-rule"
228,"what is a sep ira",0,0,0,1,"https://www.fidelity.com/learning-center/personal-finance/retirement/what-is-a-sep-ira","/what-is-a-sep-ira"
229,"roth ira as emergency fund",0,0,0,1,"https://www.fidelity.com/learning-center/personal-finance/roth-ira-as-emergency-fund","/roth-ira-as-emergency-fund"
230,"are hsa contributions tax deductible",0,0,0,1,"https://www.fidelity.com/learning-center/smart-money/are-hsa-contributions-tax-deductible","/are-hsa-contributions-tax-deductible"
231,"how much do you have to make to file taxes",0,0,0,1,"https://www.fidelity.com/learning-center/smart-money/how-much-do-you-have-to-make-to-file-taxes","/how-much-do-you-have-to-make-to-file-taxes"
232,"how much money should you spend on a wedding ring",0,0,0,1,"https://www.fidelity.com/learning-center/smart-money/how-much-money-should-you-spend-on-a-wedding-ring","/how-much-money-should-you-spend-on-a-wedding-ring"
233,"how to find old 401k",0,0,0,1,"https://www.fidelity.com/learning-center/smart-money/how-to-find-old-401k","/how-to-find-old-401k"
234,"how to get a mortgage",0,0,0,1,"https://www.fidelity.com/learning-center/smart-money/how-to-get-a-mortgage","/how-to-get-a-mortgage"
235,"rollover ira vs traditional ira",0,0,0,1,"https://www.fidelity.com/learning-center/smart-money/rollover-ira-vs-traditional-ira","/rollover-ira-vs-traditional-ira"
236,"roth 401k vs roth ira",0,0,0,1,"https://www.fidelity.com/learning-center/smart-money/roth-401k-vs-roth-ira","/roth-401k-vs-roth-ira"
237,"roth ira vs brokerage account",0,0,0,1,"https://www.fidelity.com/learning-center/smart-money/roth-ira-vs-brokerage-account","/roth-ira-vs-brokerage-account"
238,"roth ira vs traditional ira",0,0,0,1,"https://www.fidelity.com/learning-center/smart-money/roth-ira-vs-traditional-ira","/roth-ira-vs-traditional-ira"
239,"what is a rollover ira",0,0,0,1,"https://www.fidelity.com/learning-center/smart-money/what-is-a-rollover-ira","/what-is-a-rollover-ira"
240,"what is a roth ira",0,0,0,1,"https://www.fidelity.com/learning-center/smart-money/what-is-a-roth-ira","/what-is-a-roth-ira"
241,"what is a traditional ira",0,0,0,1,"https://www.fidelity.com/learning-center/smart-money/what-is-a-traditional-ira","/what-is-a-traditional-ira"
242,"crypto in an ira vid%20",0,0,0,1,"https://www.fidelity.com/learning-center/trading-investing/crypto/crypto-in-an-ira-vid%20","/crypto-in-an-ira-vid%20"
243,"what is a crypto ira",0,0,0,1,"https://www.fidelity.com/learning-center/trading-investing/crypto/what-is-a-crypto-ira","/what-is-a-crypto-ira"
244,"5 keys to retirement income",0,0,0,1,"https://www.fidelity.com/learning-center/wealth-management-insights/5-keys-to-retirement-income","/5-keys-to-retirement-income"
245,"avoid tax surprises in retirement",0,0,0,1,"https://www.fidelity.com/learning-center/wealth-management-insights/avoid-tax-surprises-in-retirement","/avoid-tax-surprises-in-retirement"
246,"early retirement income strategies video",0,0,0,1,"https://www.fidelity.com/learning-center/wealth-management-insights/early-retirement-income-strategies-video","/early-retirement-income-strategies-video"
247,"gift and estate tax changes",0,0,0,1,"https://www.fidelity.com/learning-center/wealth-management-insights/gift-and-estate-tax-changes","/gift-and-estate-tax-changes"
248,"income tax planning with trusts",0,0,0,1,"https://www.fidelity.com/learning-center/wealth-management-insights/income-tax-planning-with-trusts","/income-tax-planning-with-trusts"
249,"inherited ira rules explained video",0,0,0,1,"https://www.fidelity.com/learning-center/wealth-management-insights/inherited-ira-rules-explained-video","/inherited-ira-rules-explained-video"
250,"inherited ira rules for trusts",0,0,0,1,"https://www.fidelity.com/learning-center/wealth-management-insights/inherited-ira-rules-for-trusts","/inherited-ira-rules-for-trusts"
251,"tax benefits of lifetime gifting",0,0,0,1,"https://www.fidelity.com/learning-center/wealth-management-insights/tax-benefits-of-lifetime-gifting","/tax-benefits-of-lifetime-gifting"
252,"tax deductions and roth conversions",0,0,0,1,"https://www.fidelity.com/learning-center/wealth-management-insights/tax-deductions-and-roth-conversions","/tax-deductions-and-roth-conversions"
253,"tax efficient intergenerational wealth transfer",0,0,0,1,"https://www.fidelity.com/learning-center/wealth-management-insights/tax-efficient-intergenerational-wealth-transfer","/tax-efficient-intergenerational-wealth-transfer"
254,"faq fidelity fund portfolios income",0,0,0,1,"https://www.fidelity.com/mutual-funds/faq-fidelity-fund-portfolios-income","/faq-fidelity-fund-portfolios-income"
255,"401k rollover ira steps cust401k",0,0,0,1,"https://www.fidelity.com/retirement-ira/401k-rollover-ira-steps-cust401k","/401k-rollover-ira-steps-cust401k"
256,"fidelity mutual fund tax information",0,0,0,1,"https://www.fidelity.com/tax-information/fidelity-mutual-fund-tax-information","/fidelity-mutual-fund-tax-information"
257,"tax loss harvesting using etfs",0,0,0,1,"https://www.fidelity.com/viewpoints/active-investor/tax-loss-harvesting-using-etfs","/tax-loss-harvesting-using-etfs"
258,"tax breaks for charitable giving",0,0,0,1,"https://www.fidelity.com/viewpoints/personal-finance/tax-breaks-for-charitable-giving","/tax-breaks-for-charitable-giving"
259,"income that can last lifetime",0,0,0,1,"https://www.fidelity.com/viewpoints/retirement/income-that-can-last-lifetime","/income-that-can-last-lifetime"
260,"roth ira conversion after 50",0,0,0,1,"https://www.fidelity.com/viewpoints/retirement/roth-ira-conversion-after-50","/roth-ira-conversion-after-50"
261,"social security for divorced spouses",0,0,0,1,"https://www.fidelity.com/viewpoints/retirement/social-security-for-divorced-spouses","/social-security-for-divorced-spouses"
262,"social security tips for couples",0,0,0,1,"https://www.fidelity.com/viewpoints/retirement/social-security-tips-for-couples","/social-security-tips-for-couples"
263,"social security tips for singles",0,0,0,1,"https://www.fidelity.com/viewpoints/retirement/social-security-tips-for-singles","/social-security-tips-for-singles"
264,"why contribute to ira now",0,0,0,1,"https://www.fidelity.com/viewpoints/retirement/why-contribute-to-ira-now","/why-contribute-to-ira-now"
265,"saving for retirement your childs education at the same time",0,0,0,1,"https://www.ameriprise.com/financial-goals-priorities/education-planning/saving-for-retirement-your-childs-education-at-the-same-time","/saving-for-retirement-your-childs-education-at-the-same-time"
266,"borrowing money from your 401k",0,0,0,1,"https://www.ameriprise.com/financial-goals-priorities/retirement/borrowing-money-from-your-401k","/borrowing-money-from-your-401k"
267,"when to apply social security",0,0,0,1,"https://www.ameriprise.com/financial-goals-priorities/retirement/when-to-apply-social-security","/when-to-apply-social-security"
268,"hr block tax software faq",0,0,0,1,"https://www.ameriprise.com/financial-goals-priorities/taxes/hr-block-tax-software-faq","/hr-block-tax-software-faq"
269,"retirement dates and tax deadlines",0,0,0,1,"https://www.ameriprise.com/financial-goals-priorities/taxes/retirement-dates-and-tax-deadlines","/retirement-dates-and-tax-deadlines"
270,"savvy tax strategies for investors",0,0,0,1,"https://www.ameriprise.com/financial-goals-priorities/taxes/savvy-tax-strategies-for-investors","/savvy-tax-strategies-for-investors"
271,"tax rules charitable giving deductions",0,0,0,1,"https://www.ameriprise.com/financial-goals-priorities/taxes/tax-rules-charitable-giving-deductions","/tax-rules-charitable-giving-deductions"
272,"fixed income midyear outlook 2026",0,0,0,1,"https://www.ameriprise.com/financial-news-research/insights/fixed-income-midyear-outlook-2026","/fixed-income-midyear-outlook-2026"
273,"traditional ira vs roth ira",0,0,0,1,"https://www.ameriprise.com/products/investments/iras-retirement-plans/traditional-ira-vs-roth-ira","/traditional-ira-vs-roth-ira"
274,"tax strategies",0,0,0,2,"https://www.tiaa.org/public/invest/services/wealth-management/perspectives/tax-strategies","/tax-strategies"
275,"sep ira",0,0,0,2,"https://www.wellsfargo.com/biz/retirement/sep-ira/","/sep-ira"
276,"fixed income",0,0,0,2,"https://www.wellsfargo.com/cib/global-markets/fixed-income/","/fixed-income"
277,"tax brackets",0,0,0,2,"https://www.fidelity.com/learning-center/personal-finance/tax-brackets","/tax-brackets"
278,"2018 federal withholding taxes go live on paycheckcity calculators",0,0,0,1,"https://www.paycheckcity.com/insights/2018-federal-withholding-taxes-go-live-on-paycheckcity-calculators","/2018-federal-withholding-taxes-go-live-on-paycheckcity-calculators"
279,"national payroll week 2020",0,0,0,1,"https://www.paycheckcity.com/insights/national-payroll-week-2020","/national-payroll-week-2020"
280,"understanding earned income credit",0,0,0,1,"https://www.paycheckcity.com/insights/understanding-earned-income-credit","/understanding-earned-income-credit"
281,"national payroll week 21",0,0,0,1,"https://www.paycheckcity.com/insights/national-payroll-week-21","/national-payroll-week-21"
282,"truncated social security numbers",0,0,0,1,"https://www.paycheckcity.com/insights/truncated-social-security-numbers","/truncated-social-security-numbers"
283,"march madness jock tax",0,0,0,1,"https://www.paycheckcity.com/insights/march-madness-jock-tax","/march-madness-jock-tax"
284,"check your tax return",0,0,0,1,"https://www.paycheckcity.com/insights/check-your-tax-return","/check-your-tax-return"
285,"how much to withhold",0,0,0,1,"https://www.paycheckcity.com/insights/how-much-to-withhold","/how-much-to-withhold"
286,"six unusual tax deductions",0,0,0,1,"https://www.paycheckcity.com/insights/six-unusual-tax-deductions","/six-unusual-tax-deductions"
287,"2018 taxes is a bonus considered a supplemental wage",0,0,0,1,"https://www.paycheckcity.com/insights/2018-taxes-is-a-bonus-considered-a-supplemental-wage-","/2018-taxes-is-a-bonus-considered-a-supplemental-wage"
288,"national payroll week 2014",0,0,0,1,"https://www.paycheckcity.com/insights/national-payroll-week-2014","/national-payroll-week-2014"
289,"the state of indiana taxes and more in 2016",0,0,0,1,"https://www.paycheckcity.com/insights/the-state-of-indiana-taxes-and-more-in-2016","/the-state-of-indiana-taxes-and-more-in-2016"
290,"north carolina payroll taxes",0,0,0,1,"https://www.paycheckcity.com/insights/north-carolina-payroll-taxes","/north-carolina-payroll-taxes"
291,"what you should know about 2016 massachusetts state taxes",0,0,0,1,"https://www.paycheckcity.com/insights/what-you-should-know-about-2016-massachusetts-state-taxes","/what-you-should-know-about-2016-massachusetts-state-taxes"
292,"best practices for using the new calculators by symmetry",0,0,0,1,"https://www.paycheckcity.com/insights/best-practices-for-using-the-new-calculators-by-symmetry","/best-practices-for-using-the-new-calculators-by-symmetry"
293,"2015 nebraska state tax",0,0,0,1,"https://www.paycheckcity.com/insights/2015-nebraska-state-tax","/2015-nebraska-state-tax"
294,"withholding requirements and more for west virginia in 2016",0,0,0,1,"https://www.paycheckcity.com/insights/withholding-requirements-and-more-for-west-virginia-in-2016","/withholding-requirements-and-more-for-west-virginia-in-2016"
295,"how your 2020 take home pay compares to 2019",0,0,0,1,"https://www.paycheckcity.com/insights/how-your-2020-take-home-pay-compares-to-2019","/how-your-2020-take-home-pay-compares-to-2019"
296,"history of payroll infographic",0,0,0,1,"https://www.paycheckcity.com/insights/history-of-payroll-infographic","/history-of-payroll-infographic"
297,"federal income tax calculator",0,0,0,1,"http://www.calcxml.com/calculators/federal-income-tax-calculator","/federal-income-tax-calculator"
298,"should i convert to a bi weekly payment schedule",0,0,0,1,"http://www.calcxml.com/calculators/should-i-convert-to-a-bi-weekly-payment-schedule","/should-i-convert-to-a-bi-weekly-payment-schedule"
299,"adjustable rate mortgage calculator",0,0,0,1,"http://www.calcxml.com/calculators/adjustable-rate-mortgage-calculator","/adjustable-rate-mortgage-calculator"
300,"how much will my company bonus net after taxes",0,0,0,1,"http://www.calcxml.com/calculators/how-much-will-my-company-bonus-net-after-taxes","/how-much-will-my-company-bonus-net-after-taxes"
301,"convert salary to hourly",0,0,0,1,"http://www.calcxml.com/calculators/convert-salary-to-hourly","/convert-salary-to-hourly"
302,"convert hourly to salary",0,0,0,1,"http://www.calcxml.com/calculators/convert-hourly-to-salary","/convert-hourly-to-salary"
303,"i am retired how long will my savings last",0,0,0,1,"http://www.calcxml.com/calculators/i-am-retired-how-long-will-my-savings-last","/i-am-retired-how-long-will-my-savings-last"
304,"ira contributions tax benefits",0,0,0,1,"https://www.tiaa.org/public/retire/financial-products/iras/ira-contributions-tax-benefits","/ira-contributions-tax-benefits"
305,"income and deduction limits",0,0,0,1,"https://www.tiaa.org/public/retire/financial-products/iras/ira-contributions-tax-benefits/income-and-deduction-limits","/income-and-deduction-limits"
306,"finding an extra 1 000 to save for retirement",0,0,0,1,"https://www.tiaa.org/public/invest/services/wealth-management/perspectives/finding-an-extra--1-000-to-save-for-retirement","/finding-an-extra-1-000-to-save-for-retirement"
307,"tax strategies deductions contributions",0,0,0,1,"https://www.tiaa.org/public/invest/services/wealth-management/perspectives/tax-strategies-deductions-contributions","/tax-strategies-deductions-contributions"
308,"tiaa ira fee reduction",0,0,0,1,"https://www.tiaa.org/public/invest/services/wealth-management/perspectives/tiaa-ira-fee-reduction","/tiaa-ira-fee-reduction"
309,"social security claiming strategies",0,0,0,1,"https://www.tiaa.org/public/invest/services/wealth-management/perspectives/social-security-claiming-strategies","/social-security-claiming-strategies"
310,"cash allocations ira accounts",0,0,0,1,"https://www.tiaa.org/public/invest/services/wealth-management/perspectives/cash-allocations-ira-accounts","/cash-allocations-ira-accounts"
311,"should i retire early",0,0,0,1,"https://www.tiaa.org/public/invest/services/wealth-management/perspectives/should-i-retire-early","/should-i-retire-early"
312,"market downturn tax planning",0,0,0,1,"https://www.tiaa.org/public/invest/services/wealth-management/perspectives/market-downturn-tax-planning","/market-downturn-tax-planning"
313,"obbba tax changes 2025",0,0,0,1,"https://www.tiaa.org/public/invest/services/wealth-management/perspectives/obbba-tax-changes-2025","/obbba-tax-changes-2025"
314,"seven questions investors are asking right now apr 2026",0,0,0,1,"https://www.tiaa.org/public/invest/services/wealth-management/perspectives/seven-questions-investors-are-asking-right-now-apr-2026","/seven-questions-investors-are-asking-right-now-apr-2026"
315,"dollar cost averaging and compound growth in retirement savings",0,0,0,1,"https://www.tiaa.org/public/learn/financial-essentials/dollar-cost-averaging-and-compound-growth-in-retirement-savings","/dollar-cost-averaging-and-compound-growth-in-retirement-savings"
316,"state university of new york retirement plan case study",0,0,0,1,"https://www.tiaa.org/public/plansponsors/why-tiaa/state-university-of-new-york-retirement-plan-case-study","/state-university-of-new-york-retirement-plan-case-study"
317,"effect lifetime income disclosures",0,0,0,1,"https://www.tiaa.org/public/institute/publication/2013/effect-lifetime-income-disclosures","/effect-lifetime-income-disclosures"
318,"how do distributions retirement accounts respond early withdrawal penalties",0,0,0,1,"https://www.tiaa.org/public/institute/publication/2017/how-do-distributions-retirement-accounts-respond-early-withdrawal-penalties","/how-do-distributions-retirement-accounts-respond-early-withdrawal-penalties"
319,"role employer default allocation defined contribution retirement plan design",0,0,0,1,"https://www.tiaa.org/public/institute/publication/2018/role-employer-default-allocation-defined-contribution-retirement-plan-design","/role-employer-default-allocation-defined-contribution-retirement-plan-design"
320,"debt close retirement and its implications retirement well being",0,0,0,1,"https://www.tiaa.org/public/institute/publication/2019/debt-close-retirement-and-its-implications-retirement-well-being","/debt-close-retirement-and-its-implications-retirement-well-being"
321,"does financial education high school affect retirement savings adulthood",0,0,0,1,"https://www.tiaa.org/public/institute/publication/2022/does-financial-education-high-school-affect-retirement-savings-adulthood","/does-financial-education-high-school-affect-retirement-savings-adulthood"
322,"healthcare sector workforce financial wellness retirement readiness and job",0,0,0,1,"https://www.tiaa.org/public/institute/publication/2022/healthcare-sector-workforce-financial-wellness-retirement-readiness-and-job","/healthcare-sector-workforce-financial-wellness-retirement-readiness-and-job"
323,"how pandemic altered americans debt burden and retirement readiness",0,0,0,1,"https://www.tiaa.org/public/institute/publication/2022/how-pandemic-altered-americans-debt-burden-and-retirement-readiness","/how-pandemic-altered-americans-debt-burden-and-retirement-readiness"
324,"after 50 years progress how prepared are women retirement",0,0,0,1,"https://www.tiaa.org/public/institute/publication/2022/after-50-years-progress-how-prepared-are-women-retirement","/after-50-years-progress-how-prepared-are-women-retirement"
325,"longevity and lifetime income",0,0,0,1,"https://www.tiaa.org/public/institute/publication/2024/longevity-and-lifetime-income","/longevity-and-lifetime-income"
326,"the future of retirement security an international comparison th",0,0,0,1,"https://www.tiaa.org/public/institute/publication/2024/the-future-of-retirement-security-an-international-comparison-th","/the-future-of-retirement-security-an-international-comparison-th"
327,"financial well being and retirement readiness in higher ed",0,0,0,1,"https://www.tiaa.org/public/institute/publication/2024/financial-well-being-and-retirement-readiness-in-higher-ed","/financial-well-being-and-retirement-readiness-in-higher-ed"
328,"the immediate needs annuity and long term care insurance",0,0,0,1,"https://www.tiaa.org/public/institute/publication/2025/the-immediate-needs-annuity-and-long-term-care-insurance","/the-immediate-needs-annuity-and-long-term-care-insurance"
329,"a review of existing measures of retirement well being",0,0,0,1,"https://www.tiaa.org/public/institute/publication/2025/a-review-of-existing-measures-of-retirement-well-being","/a-review-of-existing-measures-of-retirement-well-being"
330,"converting savings to income",0,0,0,1,"https://www.tiaa.org/public/institute/publication/2025/converting-savings-to-income","/converting-savings-to-income"
331,"financial aid innovations college affordability and mitigating student debt",0,0,0,1,"https://www.tiaa.org/public/institute/about/news/financial-aid-innovations-college-affordability-and-mitigating-student-debt","/financial-aid-innovations-college-affordability-and-mitigating-student-debt"
332,"how has covid impacted retirement readiness among healthcare workers",0,0,0,1,"https://www.tiaa.org/public/institute/about/news/how-has-covid-impacted-retirement-readiness-among-healthcare-workers","/how-has-covid-impacted-retirement-readiness-among-healthcare-workers"
333,"longevity literacy may be key to better retirement readiness",0,0,0,1,"https://www.tiaa.org/public/institute/about/news/longevity_literacy_may_be_key_to_better_retirement_readiness","/longevity-literacy-may-be-key-to-better-retirement-readiness"
334,"health insurance retirement savings plan and paid time off",0,0,0,1,"https://www.tiaa.org/public/institute/about/news/health-insurance-retirement-savings-plan-and-paid-time-off","/health-insurance-retirement-savings-plan-and-paid-time-off"
335,"tiaa secure income account",0,0,0,1,"https://www.tiaa.org/public/investment-performance/tiaa-secure-income-account","/tiaa-secure-income-account"
336,"sia understanding income options",0,0,0,1,"https://www.tiaa.org/public/video/sia-understanding-income-options","/sia-understanding-income-options"
337,"enjoy income for life",0,0,0,1,"https://www.tiaa.org/public/video/enjoy-income-for-life","/enjoy-income-for-life"
338,"what is lifetime income",0,0,0,1,"https://www.tiaa.org/public/transitioners/what-is-lifetime-income","/what-is-lifetime-income"
339,"we will help you plan for retirement and accuracy",0,0,0,1,"https://www.tiaa.org/public/transitioners/we-will-help-you-plan-for-retirement-and-accuracy","/we-will-help-you-plan-for-retirement-and-accuracy"
340,"municipal bonds tax advantages",0,0,0,1,"https://www.tiaa.org/public/invest/services/wealth-management/perspectives/municipal-bonds-tax-advantages","/municipal-bonds-tax-advantages"
341,"lifetime income retirement security",0,0,0,1,"https://www.tiaa.org/public/institute/about/lifetime-income-retirement-security","/lifetime-income-retirement-security"
342,"lifetime income and annuities",0,0,0,1,"https://www.tiaa.org/public/learn/retirement-planning-and-beyond/lifetime-income-and-annuities","/lifetime-income-and-annuities"
343,"retirement income options video",0,0,0,1,"https://www.tiaa.org/public/land/retirement-income-options-video","/retirement-income-options-video"
344,"determining when to retire",0,0,0,1,"https://www.tiaa.org/public/learn/retirement-planning-and-beyond/determining-when-to-retire","/determining-when-to-retire"
345,"interested in partial ira",0,0,0,1,"https://www.tiaa.org/public/learn/tools/iraselector/interested-in-partial-ira","/interested-in-partial-ira"
346,"interested in traditional ira",0,0,0,1,"https://www.tiaa.org/public/learn/tools/iraselector/interested-in-traditional-ira","/interested-in-traditional-ira"
347,"debt to income ratio",0,0,0,1,"https://www.wellsfargo.com/es/goals-credit/smarter-credit/credit-101/debt-to-income-ratio/","/debt-to-income-ratio"
348,"how to build credit when new to the us",0,0,0,1,"https://www.wellsfargo.com/es/goals-credit/smarter-credit/establish-credit/how-to-build-credit-when-new-to-the-US/","/how-to-build-credit-when-new-to-the-us"
349,"automatic mortgage payments terms",0,0,0,1,"https://www.wellsfargo.com/es/mortgage/manage-account/automatic-mortgage-payments-terms/","/automatic-mortgage-payments-terms"
350,"how much do you need for a down payment",0,0,0,1,"https://www.wellsfargo.com/mortgage/learn/how-much-do-you-need-for-a-down-payment/","/how-much-do-you-need-for-a-down-payment"
351,"mortgage prequalification vs preapproval",0,0,0,1,"https://www.wellsfargo.com/mortgage/learn/mortgage-prequalification-vs-preapproval/","/mortgage-prequalification-vs-preapproval"
352,"pay down mortgage faster",0,0,0,1,"https://www.wellsfargo.com/mortgage/learn/pay-down-mortgage-faster/","/pay-down-mortgage-faster"
353,"real estate tax implications",0,0,0,1,"https://www.wellsfargo.com/mortgage/learn/real-estate-tax-implications/","/real-estate-tax-implications"
354,"investor center houston texas medical center houston texas 77030",0,0,0,1,"https://www.fidelity.com/branches/investor-center-houston-texas-medical-center-houston-texas-77030","/investor-center-houston-texas-medical-center-houston-texas-77030"
355,"investor center la century city los angeles california 90067",0,0,0,1,"https://www.fidelity.com/branches/investor-center-la-century-city-los-angeles-california-90067","/investor-center-la-century-city-los-angeles-california-90067"
356,"investor center nyc upper west side new york 10023",0,0,0,1,"https://www.fidelity.com/branches/investor-center-nyc-upper-west-side-new-york-10023","/investor-center-nyc-upper-west-side-new-york-10023"
357,"investor center san jose north san jose california 95134",0,0,0,1,"https://www.fidelity.com/branches/investor-center-san-jose-north-san-jose-california-95134","/investor-center-san-jose-north-san-jose-california-95134"
358,"investor center st louis ladue st louis missouri 63131",0,0,0,1,"https://www.fidelity.com/branches/investor-center-st-louis-ladue-st-louis-missouri-63131","/investor-center-st-louis-ladue-st-louis-missouri-63131"
359,"investor center upper east side nyc new york 10075",0,0,0,1,"https://www.fidelity.com/branches/investor-center-upper-east-side-nyc-new-york-10075","/investor-center-upper-east-side-nyc-new-york-10075"
360,"find crypto tax form",0,0,0,1,"https://www.fidelity.com/crypto/help/find-crypto-tax-form","/find-crypto-tax-form"
361,"open crypto ira existing%20",0,0,0,1,"https://www.fidelity.com/crypto/help/open-crypto-ira-existing%20","/open-crypto-ira-existing%20"
362,"open crypto ira new",0,0,0,1,"https://www.fidelity.com/crypto/help/open-crypto-ira-new","/open-crypto-ira-new"
363,"fixed income analysis tool",0,0,0,1,"https://www.fidelity.com/fixed-income-bonds/fixed-income-tools-services/fixed-income-analysis-tool","/fixed-income-analysis-tool"
364,"fixed income analytics service",0,0,0,1,"https://www.fidelity.com/fixed-income-bonds/fixed-income-tools-services/fixed-income-analytics-service","/fixed-income-analytics-service"
365,"other income generating products",0,0,0,1,"https://www.fidelity.com/fixed-income-bonds/other-income-generating-products","/other-income-generating-products"
366,"fixed income etfs liquidity",0,0,0,1,"https://www.fidelity.com/learning-center/investment-products/etf/fixed-income-etfs-liquidity","/fixed-income-etfs-liquidity"
367,"fixed income bonds cds",0,0,0,1,"https://www.fidelity.com/learning-center/investment-products/fixed-income-bonds/fixed-income-bonds-cds","/fixed-income-bonds-cds"
368,"fixed income investing risks",0,0,0,1,"https://www.fidelity.com/learning-center/investment-products/fixed-income-bonds/fixed-income-investing-risks","/fixed-income-investing-risks"
369,"new fixed income dashboard",0,0,0,1,"https://www.fidelity.com/learning-center/investment-products/fixed-income-bonds/new-fixed-income-dashboard","/new-fixed-income-dashboard"
370,"tax implications bond funds",0,0,0,1,"https://www.fidelity.com/learning-center/investment-products/mutual-funds/tax-implications-bond-funds","/tax-implications-bond-funds"
371,"beyondgenerating income covered calls",0,0,0,1,"https://www.fidelity.com/learning-center/investment-products/options/beyondgenerating-income-covered-calls","/beyondgenerating-income-covered-calls"
372,"tax implications covered calls",0,0,0,1,"https://www.fidelity.com/learning-center/investment-products/options/tax-implications-covered-calls","/tax-implications-covered-calls"
373,"401k 403b investing options",0,0,0,1,"https://www.fidelity.com/learning-center/life-events/401k-403b-investing-options","/401k-403b-investing-options"
374,"budgeting for high out of pocket health care costs",0,0,0,1,"https://www.fidelity.com/learning-center/life-events/budgeting-for-high-out-of-pocket-health-care-costs","/budgeting-for-high-out-of-pocket-health-care-costs"
375,"lower down payment mortgage",0,0,0,1,"https://www.fidelity.com/learning-center/life-events/lower-down-payment-mortgage","/lower-down-payment-mortgage"
376,"new 401k limits rules",0,0,0,1,"https://www.fidelity.com/learning-center/money-unscripted/new-401k-limits-rules","/new-401k-limits-rules"
377,"new ira limits rules",0,0,0,1,"https://www.fidelity.com/learning-center/money-unscripted/new-ira-limits-rules","/new-ira-limits-rules"
378,"agi adjusted gross income",0,0,0,1,"https://www.fidelity.com/learning-center/personal-finance/agi-adjusted-gross-income","/agi-adjusted-gross-income"
379,"annuities retirement income spending",0,0,0,1,"https://www.fidelity.com/learning-center/personal-finance/annuities-retirement-income-spending","/annuities-retirement-income-spending"
380,"charitable giving tax changes",0,0,0,1,"https://www.fidelity.com/learning-center/personal-finance/charitable-giving-tax-changes","/charitable-giving-tax-changes"
381,"earned income tax credit",0,0,0,1,"https://www.fidelity.com/learning-center/personal-finance/earned-income-tax-credit","/earned-income-tax-credit"
382,"home equity loan heloc",0,0,0,1,"https://www.fidelity.com/learning-center/personal-finance/home-equity-loan-heloc","/home-equity-loan-heloc"
383,"how income annuities work",0,0,0,1,"https://www.fidelity.com/learning-center/personal-finance/how-income-annuities-work","/how-income-annuities-work"
384,"how to maximize retirement savings in peak earning years",0,0,0,1,"https://www.fidelity.com/learning-center/personal-finance/how-to-maximize-retirement-savings-in-peak-earning-years","/how-to-maximize-retirement-savings-in-peak-earning-years"
385,"how to retire overseas",0,0,0,1,"https://www.fidelity.com/learning-center/personal-finance/how-to-retire-overseas","/how-to-retire-overseas"
386,"investing your rollover ira",0,0,0,1,"https://www.fidelity.com/learning-center/personal-finance/investing-your-rollover-ira","/investing-your-rollover-ira"
387,"is social security taxed",0,0,0,1,"https://www.fidelity.com/learning-center/personal-finance/is-social-security-taxed","/is-social-security-taxed"
388,"maximize tax advantaged savings",0,0,0,1,"https://www.fidelity.com/learning-center/personal-finance/maximize-tax-advantaged-savings","/maximize-tax-advantaged-savings"
389,"no tax on overtime",0,0,0,1,"https://www.fidelity.com/learning-center/personal-finance/no-tax-on-overtime","/no-tax-on-overtime"
390,"no tax on tips",0,0,0,1,"https://www.fidelity.com/learning-center/personal-finance/no-tax-on-tips","/no-tax-on-tips"
391,"inheriting ira from spouse",0,0,0,1,"https://www.fidelity.com/learning-center/personal-finance/retirement/inheriting-ira-from-spouse","/inheriting-ira-from-spouse"
392,"when should you retire",0,0,0,1,"https://www.fidelity.com/learning-center/personal-finance/retirement/when-should-you-retire","/when-should-you-retire"
393,"roth ira asset location",0,0,0,1,"https://www.fidelity.com/learning-center/personal-finance/roth-ira-asset-location","/roth-ira-asset-location"
394,"tax diversification roth conversion",0,0,0,1,"https://www.fidelity.com/learning-center/personal-finance/tax-diversification-roth-conversion","/tax-diversification-roth-conversion"
395,"tax savvy money tips",0,0,0,1,"https://www.fidelity.com/learning-center/personal-finance/tax-savvy-money-tips","/tax-savvy-money-tips"
396,"wash sales rules tax",0,0,0,1,"https://www.fidelity.com/learning-center/personal-finance/wash-sales-rules-tax","/wash-sales-rules-tax"
397,"what is a mortgage",0,0,0,1,"https://www.fidelity.com/learning-center/personal-finance/what-is-a-mortgage","/what-is-a-mortgage"
398,"when can i retire",0,0,0,1,"https://www.fidelity.com/learning-center/personal-finance/when-can-i-retire","/when-can-i-retire"
399,"average salary in us",0,0,0,1,"https://www.fidelity.com/learning-center/smart-money/average-salary-in-us","/average-salary-in-us"
400,"capital gains tax rates",0,0,0,1,"https://www.fidelity.com/learning-center/smart-money/capital-gains-tax-rates","/capital-gains-tax-rates"
401,"how to choose the best health insurance for you",0,0,0,1,"https://www.fidelity.com/learning-center/smart-money/how-to-choose-the-best-health-insurance-for-you","/how-to-choose-the-best-health-insurance-for-you"
402,"how to negotiate salary",0,0,0,1,"https://www.fidelity.com/learning-center/smart-money/how-to-negotiate-salary","/how-to-negotiate-salary"
403,"ira to hsa rollover",0,0,0,1,"https://www.fidelity.com/learning-center/smart-money/ira-to-hsa-rollover","/ira-to-hsa-rollover"
404,"overcontribute to an ira",0,0,0,1,"https://www.fidelity.com/learning-center/smart-money/overcontribute-to-an-ira","/overcontribute-to-an-ira"
405,"roth 401k contribution limits",0,0,0,1,"https://www.fidelity.com/learning-center/smart-money/roth-401k-contribution-limits","/roth-401k-contribution-limits"
406,"roth ira contribution limits",0,0,0,1,"https://www.fidelity.com/learning-center/smart-money/roth-ira-contribution-limits","/roth-ira-contribution-limits"
407,"roth ira income limits",0,0,0,1,"https://www.fidelity.com/learning-center/smart-money/roth-ira-income-limits","/roth-ira-income-limits"
408,"roth ira vs 401k",0,0,0,1,"https://www.fidelity.com/learning-center/smart-money/roth-ira-vs-401k","/roth-ira-vs-401k"
409,"sep ira contribution limits",0,0,0,1,"https://www.fidelity.com/learning-center/smart-money/sep-ira-contribution-limits","/sep-ira-contribution-limits"
410,"simple ira contribution limits",0,0,0,1,"https://www.fidelity.com/learning-center/smart-money/simple-ira-contribution-limits","/simple-ira-contribution-limits"
411,"solo 401k contribution limits",0,0,0,1,"https://www.fidelity.com/learning-center/smart-money/solo-401k-contribution-limits","/solo-401k-contribution-limits"
412,"student loan interest deduction",0,0,0,1,"https://www.fidelity.com/learning-center/smart-money/student-loan-interest-deduction","/student-loan-interest-deduction"
413,"tax credit vs deduction",0,0,0,1,"https://www.fidelity.com/learning-center/smart-money/tax-credit-vs-deduction","/tax-credit-vs-deduction"
414,"tax deductions and credits",0,0,0,1,"https://www.fidelity.com/learning-center/smart-money/tax-deductions-and-credits","/tax-deductions-and-credits"
415,"what credit score is needed to buy a house",0,0,0,1,"https://www.fidelity.com/learning-center/smart-money/what-credit-score-is-needed-to-buy-a-house","/what-credit-score-is-needed-to-buy-a-house"
416,"what is an ira",0,0,0,1,"https://www.fidelity.com/learning-center/smart-money/what-is-an-ira","/what-is-an-ira"
417,"wheres my tax refund",0,0,0,1,"https://www.fidelity.com/learning-center/smart-money/wheres-my-tax-refund","/wheres-my-tax-refund"
418,"private credit separating news from noise in direct lending",0,0,0,1,"https://www.fidelity.com/learning-center/trading-investing/private-credit-separating-news-from-noise-in-direct-lending","/private-credit-separating-news-from-noise-in-direct-lending"
419,"roth ira withdrawal rules",0,0,0,1,"https://www.fidelity.com/learning-center/trading-investing/roth-ira-withdrawal-rules","/roth-ira-withdrawal-rules"
420,"social security cola increase",0,0,0,1,"https://www.fidelity.com/learning-center/trading-investing/social-security-cola-increase","/social-security-cola-increase"
421,"tax advantaged income ideas",0,0,0,1,"https://www.fidelity.com/learning-center/trading-investing/tax-advantaged-income-ideas","/tax-advantaged-income-ideas"
422,"tax smart investment management",0,0,0,1,"https://www.fidelity.com/learning-center/trading-investing/tax-smart-investment-management","/tax-smart-investment-management"
423,"limited margin trading ira",0,0,0,1,"https://www.fidelity.com/learning-center/trading-investing/trading/limited-margin-trading-ira","/limited-margin-trading-ira"
424,"how to use trading tools trader plus desktop video",0,0,0,1,"https://www.fidelity.com/learning-center/trading-investing/trading-platforms/how-to-use-trading-tools-trader-plus-desktop-video","/how-to-use-trading-tools-trader-plus-desktop-video"
425,"cut retirement income taxes",0,0,0,1,"https://www.fidelity.com/learning-center/wealth-management-insights/cut-retirement-income-taxes","/cut-retirement-income-taxes"
426,"how to prepare for health care costs in retirement",0,0,0,1,"https://www.fidelity.com/learning-center/wealth-management-insights/how-to-prepare-for-health-care-costs-in-retirement","/how-to-prepare-for-health-care-costs-in-retirement"
427,"retirement income planning strategies",0,0,0,1,"https://www.fidelity.com/learning-center/wealth-management-insights/retirement-income-planning-strategies","/retirement-income-planning-strategies"
428,"roth ira estate planning",0,0,0,1,"https://www.fidelity.com/learning-center/wealth-management-insights/roth-ira-estate-planning","/roth-ira-estate-planning"
429,"signs of tax fraud",0,0,0,1,"https://www.fidelity.com/learning-center/wealth-management-insights/signs-of-tax-fraud","/signs-of-tax-fraud"
430,"tax efficient investing video",0,0,0,1,"https://www.fidelity.com/learning-center/wealth-management-insights/tax-efficient-investing-video","/tax-efficient-investing-video"
431,"tax filing best practices",0,0,0,1,"https://www.fidelity.com/learning-center/wealth-management-insights/tax-filing-best-practices","/tax-filing-best-practices"
432,"year end tax tips",0,0,0,1,"https://www.fidelity.com/learning-center/wealth-management-insights/year-end-tax-tips","/year-end-tax-tips"
433,"tax smart money moves",0,0,0,1,"https://www.fidelity.com/learning-center/women-talk-money/tax-smart-money-moves","/tax-smart-money-moves"
434,"tax reform advisory fees",0,0,0,1,"https://www.fidelity.com/managed-accounts/tax-reform-advisory-fees","/tax-reform-advisory-fees"
435,"income producing fidelity funds",0,0,0,1,"https://www.fidelity.com/mutual-funds/mutual-fund-spotlights/income-producing-fidelity-funds","/income-producing-fidelity-funds"
436,"401k rollover ira steps",0,0,0,1,"https://www.fidelity.com/retirement-ira/401k-rollover-ira-steps","/401k-rollover-ira-steps"
437,"estimate social security benefits",0,0,0,1,"https://www.fidelity.com/retirement-planning/estimate-social-security-benefits","/estimate-social-security-benefits"
438,"plan to generate income",0,0,0,1,"https://www.fidelity.com/retirement-planning/plan-to-generate-income","/plan-to-generate-income"
439,"guide for tax forms",0,0,0,1,"https://www.fidelity.com/tax-information/guide-for-tax-forms","/guide-for-tax-forms"
440,"royalty trust tax information",0,0,0,1,"https://www.fidelity.com/tax-information/royalty-trust-tax-information","/royalty-trust-tax-information"
441,"taking money from 401k",0,0,0,1,"https://www.fidelity.com/viewpoints/financial-basics/taking-money-from-401k","/taking-money-from-401k"
442,"quarterly fixed income perspectives",0,0,0,1,"https://www.fidelity.com/viewpoints/quarterly-fixed-income-perspectives","/quarterly-fixed-income-perspectives"
443,"ira things to know",0,0,0,1,"https://www.fidelity.com/viewpoints/retirement/ira-things-to-know","/ira-things-to-know"
444,"irs 401k rollover guidance",0,0,0,1,"https://www.fidelity.com/viewpoints/retirement/irs-401k-rollover-guidance","/irs-401k-rollover-guidance"
445,"protect your retirement income",0,0,0,1,"https://www.fidelity.com/viewpoints/retirement/protect-your-retirement-income","/protect-your-retirement-income"
446,"social security at 62",0,0,0,1,"https://www.fidelity.com/viewpoints/retirement/social-security-at-62","/social-security-at-62"
447,"traditional or roth ira",0,0,0,1,"https://www.fidelity.com/viewpoints/retirement/traditional-or-roth-ira","/traditional-or-roth-ira"
448,"generation skipping transfer tax",0,0,0,1,"https://www.fidelity.com/viewpoints/wealth-management/insights/generation-skipping-transfer-tax","/generation-skipping-transfer-tax"
449,"tax smart investing planning",0,0,0,1,"https://www.fidelity.com/wealth-management/tax-smart-investing-planning","/tax-smart-investing-planning"
450,"529 plan tax benefits",0,0,0,1,"https://www.ameriprise.com/financial-goals-priorities/education-planning/529-plan-tax-benefits","/529-plan-tax-benefits"
451,"tax identity theft checklist",0,0,0,1,"https://www.ameriprise.com/financial-goals-priorities/personal-finance/tax-identity-theft-checklist","/tax-identity-theft-checklist"
452,"ira to roth conversion",0,0,0,1,"https://www.ameriprise.com/financial-goals-priorities/retirement/ira-to-roth-conversion","/ira-to-roth-conversion"
453,"social security survivor benefits",0,0,0,1,"https://www.ameriprise.com/financial-goals-priorities/retirement/social-security-survivor-benefits","/social-security-survivor-benefits"
454,"tax strategies early retirement",0,0,0,1,"https://www.ameriprise.com/financial-goals-priorities/retirement/tax-strategies-early-retirement","/tax-strategies-early-retirement"
455,"when should i retire",0,0,0,1,"https://www.ameriprise.com/financial-goals-priorities/retirement/when-should-i-retire","/when-should-i-retire"
456,"retirement limits tax brackets",0,0,0,1,"https://www.ameriprise.com/financial-goals-priorities/taxes/retirement-limits-tax-brackets","/retirement-limits-tax-brackets"
457,"tax deductions tax credits",0,0,0,1,"https://www.ameriprise.com/financial-goals-priorities/taxes/tax-deductions-tax-credits","/tax-deductions-tax-credits"
458,"tax statement mailing dates",0,0,0,1,"https://www.ameriprise.com/financial-goals-priorities/taxes/tax-statement-mailing-dates","/tax-statement-mailing-dates"
459,"marginal tax rate calculator",0,0,0,1,"https://www.ameriprise.com/financial-news-research/financial-calculators/marginal-tax-rate-calculator","/marginal-tax-rate-calculator"
460,"simple federal tax calculator",0,0,0,1,"https://www.ameriprise.com/financial-news-research/financial-calculators/simple-federal-tax-calculator","/simple-federal-tax-calculator"
461,"social security benefit calculator",0,0,0,1,"https://www.ameriprise.com/financial-news-research/financial-calculators/social-security-benefit-calculator","/social-security-benefit-calculator"
462,"ira contribution limits eligibility",0,0,0,1,"https://www.ameriprise.com/products/investments/iras-retirement-plans/ira-contribution-limits-eligibility","/ira-contribution-limits-eligibility"
463,"historical tax rates",0,0,0,1,"https://www.paycheckcity.com/payroll-resources/alabama/historical-tax-rates","/historical-tax-rates"
464,"401k contributions limit",0,0,0,1,"https://www.paycheckcity.com/insights/401k-contributions-limit","/401k-contributions-limit"
465,"california payroll taxes",0,0,0,1,"https://www.paycheckcity.com/insights/california-payroll-taxes","/california-payroll-taxes"
466,"colorado tax information",0,0,0,1,"https://www.paycheckcity.com/insights/colorado-tax-information","/colorado-tax-information"
467,"new york payroll",0,0,0,1,"https://www.paycheckcity.com/insights/new-york-payroll","/new-york-payroll"
468,"what taxes do olympic medalists have to pay",0,0,0,1,"https://www.paycheckcity.com/insights/what-taxes-do-olympic-medalists-have-to-pay","/what-taxes-do-olympic-medalists-have-to-pay"
469,"401k early withdrawal",0,0,0,1,"https://www.paycheckcity.com/insights/401k-early-withdrawal","/401k-early-withdrawal"
470,"new years resolution can help boost personal finance",0,0,0,1,"https://www.paycheckcity.com/insights/new-years-resolution-can-help-boost-personal-finance","/new-years-resolution-can-help-boost-personal-finance"
471,"frivolous tax arguments",0,0,0,1,"https://www.paycheckcity.com/insights/frivolous-tax-arguments","/frivolous-tax-arguments"
472,"gross income defined",0,0,0,1,"https://www.paycheckcity.com/insights/gross-income-defined","/gross-income-defined"
473,"payroll and geolocation",0,0,0,1,"https://www.paycheckcity.com/insights/payroll-and-geolocation","/payroll-and-geolocation"
474,"california tax 2015",0,0,0,1,"https://www.paycheckcity.com/insights/california-tax-2015","/california-tax-2015"
475,"ohio payroll taxes",0,0,0,1,"https://www.paycheckcity.com/insights/ohio-payroll-taxes","/ohio-payroll-taxes"
476,"georgia payroll taxes",0,0,0,1,"https://www.paycheckcity.com/insights/georgia-payroll-taxes","/georgia-payroll-taxes"
477,"texas payroll taxes",0,0,0,1,"https://www.paycheckcity.com/insights/texas-payroll-taxes","/texas-payroll-taxes"
478,"florida payroll taxes",0,0,0,1,"https://www.paycheckcity.com/insights/florida-payroll-taxes","/florida-payroll-taxes"
479,"michigan payroll taxes",0,0,0,1,"https://www.paycheckcity.com/insights/michigan-payroll-taxes","/michigan-payroll-taxes"
480,"connecticut tax information",0,0,0,1,"https://www.paycheckcity.com/insights/connecticut-tax-information","/connecticut-tax-information"
481,"illinois payroll taxes",0,0,0,1,"https://www.paycheckcity.com/insights/illinois-payroll-taxes","/illinois-payroll-taxes"
482,"your source for 2016 louisiana state withholding taxes",0,0,0,1,"https://www.paycheckcity.com/insights/your-source-for-2016-louisiana-state-withholding-taxes","/your-source-for-2016-louisiana-state-withholding-taxes"
483,"indiana payroll taxes",0,0,0,1,"https://www.paycheckcity.com/insights/indiana-payroll-taxes","/indiana-payroll-taxes"
484,"here are the 2016 state taxes of hawaii",0,0,0,1,"https://www.paycheckcity.com/insights/here-are-the-2016-state-taxes-of-hawaii","/here-are-the-2016-state-taxes-of-hawaii"
485,"what arizona state taxes look like in 2016",0,0,0,1,"https://www.paycheckcity.com/insights/what-arizona-state-taxes-look-like-in-2016","/what-arizona-state-taxes-look-like-in-2016"
486,"national payroll week",0,0,0,1,"https://www.paycheckcity.com/insights/national-payroll-week","/national-payroll-week"
487,"income tax forms",0,0,0,1,"https://www.paycheckcity.com/small-business-guide/starting-your-business/income-tax-forms","/income-tax-forms"
488,"download payroll calendar",0,0,0,1,"https://www.paycheckcity.com/small-business-guide/download-payroll-calendar","/download-payroll-calendar"
489,"student loan repayment",0,0,0,1,"http://www.calcxml.com/calculators/student-loan-repayment","/student-loan-repayment"
490,"parent plus loan",0,0,0,1,"http://www.calcxml.com/calculators/parent-plus-loan","/parent-plus-loan"
491,"pay off loan",0,0,0,1,"http://www.calcxml.com/calculators/pay-off-loan","/pay-off-loan"
492,"loan payment calculator",0,0,0,1,"http://www.calcxml.com/calculators/loan-payment-calculator","/loan-payment-calculator"
493,"loan comparison calculator",0,0,0,1,"http://www.calcxml.com/calculators/loan-comparison-calculator","/loan-comparison-calculator"
494,"tax freedom day",0,0,0,1,"http://www.calcxml.com/calculators/tax-freedom-day","/tax-freedom-day"
495,"income test drive",0,0,0,1,"https://www.tiaa.org/public/retire/financial-products/annuities/retirement-plan-annuities/income-test-drive","/income-test-drive"
496,"building a solid foundation for your retirement ias",0,0,0,1,"https://www.tiaa.org/public/invest/services/wealth-management/perspectives/building-a-solid-foundation-for-your-retirement_IAS","/building-a-solid-foundation-for-your-retirement-ias"
497,"life insurance retirement plan to protect your legacy",0,0,0,1,"https://www.tiaa.org/public/invest/services/wealth-management/perspectives/life-insurance-retirement-plan-to-protect-your-legacy","/life-insurance-retirement-plan-to-protect-your-legacy"
498,"finding an extra 1000 to save for retirement",0,0,0,1,"https://www.tiaa.org/public/invest/services/wealth-management/perspectives/finding-an-extra-1000-to-save-for-retirement","/finding-an-extra-1000-to-save-for-retirement"
499,"tax sticker shock",0,0,0,1,"https://www.tiaa.org/public/invest/services/wealth-management/perspectives/tax-sticker-shock","/tax-sticker-shock"
500,"discover the value of retirement fluency and advice",0,0,0,1,"https://www.tiaa.org/public/learn/discover-the-value-of-retirement-fluency-and-advice","/discover-the-value-of-retirement-fluency-and-advice"
501,"living to 100 retirement planning longevity financial security",0,0,0,1,"https://www.tiaa.org/public/learn/financial-essentials/living-to-100-retirement-planning-longevity-financial-security","/living-to-100-retirement-planning-longevity-financial-security"
502,"rmd tax guide",0,0,0,1,"https://www.tiaa.org/public/learn/financial-essentials/rmd-tax-guide","/rmd-tax-guide"
503,"retirement plan beneficiaries what why how to update",0,0,0,1,"https://www.tiaa.org/public/learn/retirement-plan-beneficiaries-what-why-how-to-update","/retirement-plan-beneficiaries-what-why-how-to-update"
504,"gen z millenial retirement and financial anxiety study",0,0,0,1,"https://www.tiaa.org/public/plansponsors/insights/tmrw/edition-2/gen-z-millenial-retirement-and-financial-anxiety-study","/gen-z-millenial-retirement-and-financial-anxiety-study"
505,"ask a consultant retirement planning questions and answers",0,0,0,1,"https://www.tiaa.org/public/plansponsors/insights/tmrw/edition-2/ask-a-consultant-retirement-planning-questions-and-answers","/ask-a-consultant-retirement-planning-questions-and-answers"
506,"bring back retirement security bret hester general counsel",0,0,0,1,"https://www.tiaa.org/public/plansponsors/insights/tmrw/edition-4/bring-back-retirement-security-bret-hester-general-counsel","/bring-back-retirement-security-bret-hester-general-counsel"
507,"secure income account",0,0,0,1,"https://www.tiaa.org/public/plansponsors/support/secure-income-account","/secure-income-account"
508,"lifetime income leader",0,0,0,1,"https://www.tiaa.org/public/plansponsors/lifetime-income-leader","/lifetime-income-leader"
509,"2017 personal finance index new measure financial literacy",0,0,0,1,"https://www.tiaa.org/public/institute/publication/2017/2017-personal-finance-index-new-measure-financial-literacy","/2017-personal-finance-index-new-measure-financial-literacy"
510,"achieving success postsecondary education facts about student debt",0,0,0,1,"https://www.tiaa.org/public/institute/publication/2017/achieving-success-postsecondary-education-facts-about-student-debt","/achieving-success-postsecondary-education-facts-about-student-debt"
511,"defined contribution retirement plan design and employer default",0,0,0,1,"https://www.tiaa.org/public/institute/publication/2018/defined-contribution-retirement-plan-design-and-employer-default","/defined-contribution-retirement-plan-design-and-employer-default"
512,"potential vs realized savings under automatic enrollment 0",0,0,0,1,"https://www.tiaa.org/public/institute/publication/2018/potential-vs-realized-savings-under-automatic-enrollment-0","/potential-vs-realized-savings-under-automatic-enrollment-0"
513,"effect default target date funds retirement savings allocations",0,0,0,1,"https://www.tiaa.org/public/institute/publication/2019/effect-default-target-date-funds-retirement-savings-allocations","/effect-default-target-date-funds-retirement-savings-allocations"
514,"financial well being and retirement readiness higher education",0,0,0,1,"https://www.tiaa.org/public/institute/publication/2019/financial-well-being-and-retirement-readiness-higher-education","/financial-well-being-and-retirement-readiness-higher-education"
515,"do mandatory retirement contributions crowd out voluntary contributions",0,0,0,1,"https://www.tiaa.org/public/institute/publication/2020/do-mandatory-retirement-contributions-crowd-out-voluntary-contributions","/do-mandatory-retirement-contributions-crowd-out-voluntary-contributions"
516,"using behavioral prompts improve saving and investment decisions",0,0,0,1,"https://www.tiaa.org/public/institute/publication/2020/using-behavioral-prompts-improve-saving-and-investment-decisions","/using-behavioral-prompts-improve-saving-and-investment-decisions"
517,"shoring shortfalls women retirement and growing gigsupp economy",0,0,0,1,"https://www.tiaa.org/public/institute/publication/2021/shoring-shortfalls-women-retirement-and-growing-gigsupp-economy","/shoring-shortfalls-women-retirement-and-growing-gigsupp-economy"
518,"leveraging higher education real estate assets strategy success",0,0,0,1,"https://www.tiaa.org/public/institute/publication/2022/leveraging-higher-education-real-estate-assets-strategy-success","/leveraging-higher-education-real-estate-assets-strategy-success"
519,"differences retirement preparedness and security race and ethnicity",0,0,0,1,"https://www.tiaa.org/public/institute/publication/2022/differences-retirement-preparedness-and-security-race-and-ethnicity","/differences-retirement-preparedness-and-security-race-and-ethnicity"
520,"trends retirement readiness gender gap among tiaa participants",0,0,0,1,"https://www.tiaa.org/public/institute/publication/2022/trends-retirement-readiness-gender-gap-among-tiaa-participants","/trends-retirement-readiness-gender-gap-among-tiaa-participants"
521,"should women just delay retirement and work longer",0,0,0,1,"https://www.tiaa.org/public/institute/publication/2023/should-women-just-delay-retirement-and-work-longer","/should-women-just-delay-retirement-and-work-longer"
522,"registered index linked annuities in qualified retirement plans",0,0,0,1,"https://www.tiaa.org/public/institute/publication/2023/registered-index-linked-annuities-in-qualified-retirement-plans","/registered-index-linked-annuities-in-qualified-retirement-plans"
523,"racial disparities in overdue debt among older adults",0,0,0,1,"https://www.tiaa.org/public/institute/publication/2024/racial-disparities-in-overdue-debt-among-older-adults","/racial-disparities-in-overdue-debt-among-older-adults"
524,"retirement income brief",0,0,0,1,"https://www.tiaa.org/public/institute/publication/2025/retirement-income-brief","/retirement-income-brief"
525,"2023 fellows symposium enhancing financial wellness in retiremen",0,0,0,1,"https://www.tiaa.org/public/institute/about/events/2023-fellows-symposium-enhancing-financial-wellness-in-retiremen","/2023-fellows-symposium-enhancing-financial-wellness-in-retiremen"
526,"improving outcomes boosting financial resilience and retirement readiness",0,0,0,1,"https://www.tiaa.org/public/institute/about/events/improving-outcomes-boosting-financial-resilience-and-retirement-readiness","/improving-outcomes-boosting-financial-resilience-and-retirement-readiness"
527,"higher ed employees most value retirement savings plans",0,0,0,1,"https://www.tiaa.org/public/institute/about/news/higher-ed-employees-most-value-retirement-savings-plans","/higher-ed-employees-most-value-retirement-savings-plans"
528,"ira contribution eligibility",0,0,0,1,"https://www.tiaa.org/public/tools-calculators/ira-contribution-eligibility","/ira-contribution-eligibility"
529,"retirement loan calculator",0,0,0,1,"https://www.tiaa.org/public/tools-calculators/retirement-loan-calculator","/retirement-loan-calculator"
530,"tax planning opportunities",0,0,0,1,"https://www.tiaa.org/public/transitioners/tax-planning-opportunities","/tax-planning-opportunities"
531,"social security webinar",0,0,0,1,"https://www.tiaa.org/public/transitioners/social-security-webinar","/social-security-webinar"
532,"embrace learning going back to school in retirement",0,0,0,1,"https://www.tiaa.org/public/transitioners/embrace-learning--going-back-to-school-in-retirement","/embrace-learning-going-back-to-school-in-retirement"
533,"retirement income plan",0,0,0,1,"https://www.tiaa.org/public/education/essentials/workplace-retirement-plan/retirement-income-plan","/retirement-income-plan"
534,"how financial advice improves money management habits confidence",0,0,0,1,"https://www.tiaa.org/public/institute/about/news/how-financial-advice-improves-money-management-habits-confidence","/how-financial-advice-improves-money-management-habits-confidence"
535,"mortgage application process",0,0,0,1,"https://www.tiaa.org/public/learn/life-milestones/mortgage-application-process","/mortgage-application-process"
536,"6 retirement myths that can derail your planning",0,0,0,1,"https://www.tiaa.org/public/learn/retirement-planning-and-beyond/managing-your-money/6-retirement-myths-that-can-derail-your-planning","/6-retirement-myths-that-can-derail-your-planning"
537,"harvard payroll calendar",0,0,0,1,"https://www.tiaa.org/public/land/harvard_payroll_calendar","/harvard-payroll-calendar"
538,"replace your income",0,0,0,1,"https://www.tiaa.org/public/learn/retirement-planning-and-beyond/replace-your-income","/replace-your-income"
539,"ira rollover process",0,0,0,1,"https://www.tiaa.org/public/land/ira-rollover-process","/ira-rollover-process"
540,"rollover your ira",0,0,0,1,"https://www.tiaa.org/public/land/products/iras/rollover-your-ira","/rollover-your-ira"
541,"shifting budget to workplace changes during covid 19",0,0,0,1,"https://www.tiaa.org/public/learn/prepare-unexpected/shifting-budget-to-workplace-changes-during-COVID-19","/shifting-budget-to-workplace-changes-during-covid-19"
542,"shifting budget to workplace changes during covid 190",0,0,0,1,"https://www.tiaa.org/public/learn/prepare-unexpected/shifting-budget-to-workplace-changes-during-COVID-190","/shifting-budget-to-workplace-changes-during-covid-190"
543,"401k max contribution",0,0,0,1,"https://www.tiaa.org/public/learn/retirement-planning-and-beyond/401k-max-contribution","/401k-max-contribution"
544,"retirement income planning",0,0,0,1,"https://www.tiaa.org/public/education/essentials/annuitization/retirement-income-planning","/retirement-income-planning"
545,"annuity income tax",0,0,0,1,"https://www.tiaa.org/public/education/essentials/annuitization/annuity-income-tax","/annuity-income-tax"
546,"find an ira",0,0,0,1,"https://www.tiaa.org/public/learn/tools/iraselector/find-an-ira","/find-an-ira"
547,"corporate sponsored mortgage",0,0,0,1,"https://www.wellsfargo.com/cib/corporate-sponsored-mortgage/","/corporate-sponsored-mortgage"
548,"fintech baas shift banking strategies improve compliance scalability",0,0,0,1,"https://www.wellsfargo.com/com/insights/fintech-baas-shift-banking-strategies-improve-compliance-scalability/","/fintech-baas-shift-banking-strategies-improve-compliance-scalability"
549,"future proof your sales pipeline with channel finance",0,0,0,1,"https://www.wellsfargo.com/com/insights/future-proof-your-sales-pipeline-with-channel-finance/","/future-proof-your-sales-pipeline-with-channel-finance"
550,"getting a loan",0,0,0,1,"https://www.wellsfargo.com/es/goals-credit/smarter-credit/credit-101/getting-a-loan/","/getting-a-loan"
551,"automatic mortgage payments",0,0,0,1,"https://www.wellsfargo.com/es/mortgage/manage-account/automatic-mortgage-payments/","/automatic-mortgage-payments"
552,"personal loan faqs",0,0,0,1,"https://www.wellsfargo.com/help/loans/personal-loan-faqs/","/personal-loan-faqs"
553,"private mortgage banking",0,0,0,1,"https://www.wellsfargo.com/mortgage/private-mortgage-banking/","/private-mortgage-banking"
554,"buying a home with a low down payment",0,0,0,1,"https://www.wellsfargo.com/mortgage/learn/buying-a-home-with-a-low-down-payment/","/buying-a-home-with-a-low-down-payment"
555,"compare mortgage lenders",0,0,0,1,"https://www.wellsfargo.com/mortgage/learn/compare-mortgage-lenders/","/compare-mortgage-lenders"
556,"mortgage self employed",0,0,0,1,"https://www.wellsfargo.com/mortgage/learn/mortgage-self-employed/","/mortgage-self-employed"
557,"adjustable rate mortgage",0,0,0,1,"https://www.wellsfargo.com/mortgage/loan-programs/adjustable-rate-mortgage/","/adjustable-rate-mortgage"
558,"fixed rate mortgage",0,0,0,1,"https://www.wellsfargo.com/mortgage/loan-programs/fixed-rate-mortgage/","/fixed-rate-mortgage"
559,"mortgage assistance application",0,0,0,1,"https://www.wellsfargo.com/mortgage/manage-account/payment-help/mortgage-assistance-application/","/mortgage-assistance-application"
560,"guaranteed income video",0,0,0,1,"https://www.fidelity.com/annuities/guaranteed-income-video","/guaranteed-income-video"
561,"investor center boston back bay boston massachusetts 02116",0,0,0,1,"https://www.fidelity.com/branches/investor-center-boston-back-bay-boston-massachusetts-02116","/investor-center-boston-back-bay-boston-massachusetts-02116"
562,"investor center boston congress street boston massachusetts 02110",0,0,0,1,"https://www.fidelity.com/branches/investor-center-boston-congress-street-boston-massachusetts-02110","/investor-center-boston-congress-street-boston-massachusetts-02110"
563,"investor center brea orange county brea california 92821",0,0,0,1,"https://www.fidelity.com/branches/investor-center-brea-orange-county-brea-california-92821","/investor-center-brea-orange-county-brea-california-92821"
564,"investor center chicago gold coast chicago illinois 60611",0,0,0,1,"https://www.fidelity.com/branches/investor-center-chicago-gold-coast-chicago-illinois-60611","/investor-center-chicago-gold-coast-chicago-illinois-60611"
565,"investor center chicago north lasalle chicago illinois 60602",0,0,0,1,"https://www.fidelity.com/branches/investor-center-chicago-north-lasalle-chicago-illinois-60602","/investor-center-chicago-north-lasalle-chicago-illinois-60602"
566,"investor center del mar san diego california 92130",0,0,0,1,"https://www.fidelity.com/branches/investor-center-del-mar-san-diego-california-92130","/investor-center-del-mar-san-diego-california-92130"
567,"investor center denver south lone tree colorado 80124",0,0,0,1,"https://www.fidelity.com/branches/investor-center-denver-south-lone-tree-colorado-80124","/investor-center-denver-south-lone-tree-colorado-80124"
568,"investor center denver west s teller colorado 80226",0,0,0,1,"https://www.fidelity.com/branches/investor-center-denver-west-s-teller-colorado-80226","/investor-center-denver-west-s-teller-colorado-80226"
569,"investor center hilton head island south carolina 29926",0,0,0,1,"https://www.fidelity.com/branches/investor-center-hilton-head-island-south-carolina-29926","/investor-center-hilton-head-island-south-carolina-29926"
570,"investor center houston highland village houston texas 77027",0,0,0,1,"https://www.fidelity.com/branches/investor-center-houston-highland-village-houston-texas-77027","/investor-center-houston-highland-village-houston-texas-77027"
571,"investor center houston memorial drive houston texas 77024",0,0,0,1,"https://www.fidelity.com/branches/investor-center-houston-memorial-drive-houston-texas-77024","/investor-center-houston-memorial-drive-houston-texas-77024"
572,"investor center irvine newport beach irvine california 92612",0,0,0,1,"https://www.fidelity.com/branches/investor-center-irvine-newport-beach-irvine-california-92612","/investor-center-irvine-newport-beach-irvine-california-92612"
573,"investor center irving las colinas irving texas 75039",0,0,0,1,"https://www.fidelity.com/branches/investor-center-irving-las-colinas-irving-texas-75039","/investor-center-irving-las-colinas-irving-texas-75039"
574,"investor center kansas city overland park kansas 66211",0,0,0,1,"https://www.fidelity.com/branches/investor-center-kansas-city-overland-park-kansas-66211","/investor-center-kansas-city-overland-park-kansas-66211"
575,"investor center la south bay torrance california 90503",0,0,0,1,"https://www.fidelity.com/branches/investor-center-la-south-bay-torrance-california-90503","/investor-center-la-south-bay-torrance-california-90503"
576,"investor center lehigh valley center valley pennsylvania 18034",0,0,0,1,"https://www.fidelity.com/branches/investor-center-lehigh-valley-center-valley-pennsylvania-18034","/investor-center-lehigh-valley-center-valley-pennsylvania-18034"
577,"investor center nyc bryant park new york 10036",0,0,0,1,"https://www.fidelity.com/branches/investor-center-nyc-bryant-park-new-york-10036","/investor-center-nyc-bryant-park-new-york-10036"
578,"investor center nyc lincoln center new york 10023",0,0,0,1,"https://www.fidelity.com/branches/investor-center-nyc-lincoln-center-new-york-10023","/investor-center-nyc-lincoln-center-new-york-10023"
579,"investor center nyc park ave new york 10022",0,0,0,1,"https://www.fidelity.com/branches/investor-center-nyc-park-ave-new-york-10022","/investor-center-nyc-park-ave-new-york-10022"
580,"investor center nyc wall street new york 10006",0,0,0,1,"https://www.fidelity.com/branches/investor-center-nyc-wall-street-new-york-10006","/investor-center-nyc-wall-street-new-york-10006"
581,"investor center pittsburgh south hills pittsburgh pennsylvania 15241",0,0,0,1,"https://www.fidelity.com/branches/investor-center-pittsburgh-south-hills-pittsburgh-pennsylvania-15241","/investor-center-pittsburgh-south-hills-pittsburgh-pennsylvania-15241"
582,"investor center portland bridgeport village tigard oregon 97224",0,0,0,1,"https://www.fidelity.com/branches/investor-center-portland-bridgeport-village-tigard-oregon-97224","/investor-center-portland-bridgeport-village-tigard-oregon-97224"
583,"investor center red bank shrewsbury new jersey 07702",0,0,0,1,"https://www.fidelity.com/branches/investor-center-red-bank-shrewsbury-new-jersey-07702","/investor-center-red-bank-shrewsbury-new-jersey-07702"
584,"fidelity crypto ira",0,0,0,1,"https://www.fidelity.com/crypto/help/account-basics/fidelity-crypto-ira","/fidelity-crypto-ira"
585,"find tax lots",0,0,0,1,"https://www.fidelity.com/crypto/help/find-tax-lots","/find-tax-lots"
586,"tax information forms",0,0,0,1,"https://www.fidelity.com/crypto/help/taxes-ira/tax-information-forms","/tax-information-forms"
587,"compare income products",0,0,0,1,"https://www.fidelity.com/fixed-income-bonds/compare-income-products","/compare-income-products"
588,"fixed income annuities",0,0,0,1,"https://www.fidelity.com/fixed-income-bonds/fixed-income-annuities","/fixed-income-annuities"
589,"fixed income alerts",0,0,0,1,"https://www.fidelity.com/fixed-income-bonds/fixed-income-tools-services/fixed-income-alerts","/fixed-income-alerts"
590,"reverse mortgage scams",0,0,0,1,"https://www.fidelity.com/insights/retirement/reverse-mortgage-scams","/reverse-mortgage-scams"
591,"roth ira conversion",0,0,0,1,"https://www.fidelity.com/insights/retirement/roth-ira-conversion","/roth-ira-conversion"
592,"etfs tax efficiency",0,0,0,1,"https://www.fidelity.com/learning-center/investment-products/etf/etfs-tax-efficiency","/etfs-tax-efficiency"
593,"tax basics etfs",0,0,0,1,"https://www.fidelity.com/learning-center/investment-products/etf/tax-basics-etfs","/tax-basics-etfs"
594,"mortgage backed securities",0,0,0,1,"https://www.fidelity.com/learning-center/investment-products/fixed-income-bonds/mortgage-backed-securities","/mortgage-backed-securities"
595,"home loan strategies",0,0,0,1,"https://www.fidelity.com/learning-center/life-events/home-loan-strategies","/home-loan-strategies"
596,"how to retire",0,0,0,1,"https://www.fidelity.com/learning-center/life-events/how-to-retire","/how-to-retire"
597,"new ways to save on taxes this year",0,0,0,1,"https://www.fidelity.com/learning-center/money-unscripted/new-ways-to-save-on-taxes-this-year","/new-ways-to-save-on-taxes-this-year"
598,"401k rollover mistakes",0,0,0,1,"https://www.fidelity.com/learning-center/personal-finance/401k-rollover-mistakes","/401k-rollover-mistakes"
599,"backdoor roth ira",0,0,0,1,"https://www.fidelity.com/learning-center/personal-finance/backdoor-roth-ira","/backdoor-roth-ira"
600,"child tax credit",0,0,0,1,"https://www.fidelity.com/learning-center/personal-finance/child-tax-credit","/child-tax-credit"
601,"estimate retirement income",0,0,0,1,"https://www.fidelity.com/learning-center/personal-finance/estimate-retirement-income","/estimate-retirement-income"
602,"how to save and invest your first 100000",0,0,0,1,"https://www.fidelity.com/learning-center/personal-finance/how-to-save-and-invest-your-first-100000","/how-to-save-and-invest-your-first-100000"
603,"hsa tax form",0,0,0,1,"https://www.fidelity.com/learning-center/personal-finance/hsa-tax-form","/hsa-tax-form"
604,"investing your ira",0,0,0,1,"https://www.fidelity.com/learning-center/personal-finance/investing-your-ira","/investing-your-ira"
605,"1099 tax form",0,0,0,1,"https://www.fidelity.com/learning-center/personal-finance/managing-taxes/1099-tax-form","/1099-tax-form"
606,"tax smart strategies",0,0,0,1,"https://www.fidelity.com/learning-center/personal-finance/managing-taxes/tax-smart-strategies","/tax-smart-strategies"
607,"maximize social security",0,0,0,1,"https://www.fidelity.com/learning-center/personal-finance/maximize-social-security","/maximize-social-security"
608,"retire better 40s",0,0,0,1,"https://www.fidelity.com/learning-center/personal-finance/retire-better-40s","/retire-better-40s"
609,"retire better 50s",0,0,0,1,"https://www.fidelity.com/learning-center/personal-finance/retire-better-50s","/retire-better-50s"
610,"retire better 60s",0,0,0,1,"https://www.fidelity.com/learning-center/personal-finance/retire-better-60s","/retire-better-60s"
611,"inflation retirement income",0,0,0,1,"https://www.fidelity.com/learning-center/personal-finance/retirement/inflation-retirement-income","/inflation-retirement-income"
612,"ira rollover rules",0,0,0,1,"https://www.fidelity.com/learning-center/personal-finance/retirement/ira-rollover-rules","/ira-rollover-rules"
613,"non spouse ira",0,0,0,1,"https://www.fidelity.com/learning-center/personal-finance/retirement/non-spouse-ira","/non-spouse-ira"
614,"retirement income strategies",0,0,0,1,"https://www.fidelity.com/learning-center/personal-finance/retirement/retirement-income-strategies","/retirement-income-strategies"
615,"self employed 401k",0,0,0,1,"https://www.fidelity.com/learning-center/personal-finance/retirement/self-employed-401k","/self-employed-401k"
616,"understanding simple ira",0,0,0,1,"https://www.fidelity.com/learning-center/personal-finance/retirement/understanding-simple-ira","/understanding-simple-ira"
617,"where to retire",0,0,0,1,"https://www.fidelity.com/learning-center/personal-finance/retirement/where-to-retire","/where-to-retire"
618,"social security changes",0,0,0,1,"https://www.fidelity.com/learning-center/personal-finance/social-security-changes","/social-security-changes"
619,"social security statement",0,0,0,1,"https://www.fidelity.com/learning-center/personal-finance/social-security-statement","/social-security-statement"
620,"tax free weekend",0,0,0,1,"https://www.fidelity.com/learning-center/personal-finance/tax-free-weekend","/tax-free-weekend"
621,"tax smart investing",0,0,0,1,"https://www.fidelity.com/learning-center/personal-finance/tax-smart-investing","/tax-smart-investing"
622,"working and income",0,0,0,1,"https://www.fidelity.com/learning-center/personal-finance/working-and-income","/working-and-income"
623,"yearend tax planning",0,0,0,1,"https://www.fidelity.com/learning-center/personal-finance/yearend-tax-planning","/yearend-tax-planning"
624,"401k contribution limits",0,0,0,1,"https://www.fidelity.com/learning-center/smart-money/401k-contribution-limits","/401k-contribution-limits"
625,"401k hardship withdrawal",0,0,0,1,"https://www.fidelity.com/learning-center/smart-money/401k-hardship-withdrawal","/401k-hardship-withdrawal"
626,"401k vs 403b",0,0,0,1,"https://www.fidelity.com/learning-center/smart-money/401k-vs-403b","/401k-vs-403b"
627,"average 401k match",0,0,0,1,"https://www.fidelity.com/learning-center/smart-money/average-401k-match","/average-401k-match"
628,"bonus tax rate",0,0,0,1,"https://www.fidelity.com/learning-center/smart-money/bonus-tax-rate","/bonus-tax-rate"
629,"cant pay mortgage",0,0,0,1,"https://www.fidelity.com/learning-center/smart-money/cant-pay-mortgage","/cant-pay-mortgage"
630,"estimated tax payments",0,0,0,1,"https://www.fidelity.com/learning-center/smart-money/estimated-tax-payments","/estimated-tax-payments"
631,"how to get health insurance without a job",0,0,0,1,"https://www.fidelity.com/learning-center/smart-money/how-to-get-health-insurance-without-a-job","/how-to-get-health-insurance-without-a-job"
632,"how to make your money work for you",0,0,0,1,"https://www.fidelity.com/learning-center/smart-money/how-to-make-your-money-work-for-you","/how-to-make-your-money-work-for-you"
633,"inherited 401k rules",0,0,0,1,"https://www.fidelity.com/learning-center/smart-money/inherited-401k-rules","/inherited-401k-rules"
634,"ira contribution deadline",0,0,0,1,"https://www.fidelity.com/learning-center/smart-money/ira-contribution-deadline","/ira-contribution-deadline"
635,"ira contribution limits",0,0,0,1,"https://www.fidelity.com/learning-center/smart-money/ira-contribution-limits","/ira-contribution-limits"
636,"ira vs 401k",0,0,0,1,"https://www.fidelity.com/learning-center/smart-money/ira-vs-401k","/ira-vs-401k"
637,"marginal tax rate",0,0,0,1,"https://www.fidelity.com/learning-center/smart-money/marginal-tax-rate","/marginal-tax-rate"
638,"passive income ideas",0,0,0,1,"https://www.fidelity.com/learning-center/smart-money/passive-income-ideas","/passive-income-ideas"
639,"roth ira taxes",0,0,0,1,"https://www.fidelity.com/learning-center/smart-money/roth-ira-taxes","/roth-ira-taxes"
640,"what is a securities backed line of credit%20",0,0,0,1,"https://www.fidelity.com/learning-center/smart-money/what-is-a-securities-backed-line-of-credit%20","/what-is-a-securities-backed-line-of-credit%20"
641,"3 ways fidelity managers invest in ai stocks",0,0,0,1,"https://www.fidelity.com/learning-center/trading-investing/3-ways-fidelity-managers-invest-in-ai-stocks","/3-ways-fidelity-managers-invest-in-ai-stocks"
642,"5 ways to invest smarter with less work",0,0,0,1,"https://www.fidelity.com/learning-center/trading-investing/5-ways-to-invest-smarter-with-less-work","/5-ways-to-invest-smarter-with-less-work"
643,"crypto tax guide",0,0,0,1,"https://www.fidelity.com/learning-center/trading-investing/crypto/crypto-tax-guide","/crypto-tax-guide"
644,"eric granat income",0,0,0,1,"https://www.fidelity.com/learning-center/trading-investing/eric-granat-income","/eric-granat-income"
645,"fixed income investments",0,0,0,1,"https://www.fidelity.com/learning-center/trading-investing/fixed-income-investments","/fixed-income-investments"
646,"fixed income outlook",0,0,0,1,"https://www.fidelity.com/learning-center/trading-investing/fixed-income-outlook","/fixed-income-outlook"
647,"income investing ideas",0,0,0,1,"https://www.fidelity.com/learning-center/trading-investing/income-investing-ideas","/income-investing-ideas"
648,"investing for income",0,0,0,1,"https://www.fidelity.com/learning-center/trading-investing/investing-for-income","/investing-for-income"
649,"jordan michaels income",0,0,0,1,"https://www.fidelity.com/learning-center/trading-investing/jordan-michaels-income","/jordan-michaels-income"
650,"tax trading tips",0,0,0,1,"https://www.fidelity.com/learning-center/trading-investing/tax-trading-tips","/tax-trading-tips"
651,"fixed income sma",0,0,0,1,"https://www.fidelity.com/learning-center/wealth-management-insights/fixed-income-sma","/fixed-income-sma"
652,"income protection insurance",0,0,0,1,"https://www.fidelity.com/learning-center/wealth-management-insights/income-protection-insurance","/income-protection-insurance"
653,"mortgage or cash",0,0,0,1,"https://www.fidelity.com/learning-center/wealth-management-insights/mortgage-or-cash","/mortgage-or-cash"
654,"retirement income video",0,0,0,1,"https://www.fidelity.com/learning-center/wealth-management-insights/retirement-income-video","/retirement-income-video"
655,"tax deferred annuity",0,0,0,1,"https://www.fidelity.com/learning-center/wealth-management-insights/tax-deferred-annuity","/tax-deferred-annuity"
656,"top tax tips",0,0,0,1,"https://www.fidelity.com/learning-center/wealth-management-insights/top-tax-tips","/top-tax-tips"
657,"when to retire",0,0,0,1,"https://www.fidelity.com/learning-center/wealth-management-insights/when-to-retire","/when-to-retire"
658,"guaranteed income retirement",0,0,0,1,"https://www.fidelity.com/learning-center/women-talk-money/guaranteed-income-retirement","/guaranteed-income-retirement"
659,"tax sensitive video",0,0,0,1,"https://www.fidelity.com/managed-accounts/portfolio-advisory-service/tax-sensitive-video","/tax-sensitive-video"
660,"capital income fund",0,0,0,1,"https://www.fidelity.com/mutual-funds/mutual-fund-spotlights/capital-income-fund","/capital-income-fund"
661,"explore fixed income",0,0,0,1,"https://www.fidelity.com/mutual-funds/mutual-fund-spotlights/explore-fixed-income","/explore-fixed-income"
662,"fixed income funds",0,0,0,1,"https://www.fidelity.com/mutual-funds/mutual-fund-spotlights/fixed-income-funds","/fixed-income-funds"
663,"strategic income fund",0,0,0,1,"https://www.fidelity.com/mutual-funds/mutual-fund-spotlights/strategic-income-fund","/strategic-income-fund"
664,"401k rollover options",0,0,0,1,"https://www.fidelity.com/retirement-ira/401k-rollover-options","/401k-rollover-options"
665,"contributing to ira",0,0,0,1,"https://www.fidelity.com/retirement-ira/contributing-to-ira","/contributing-to-ira"
666,"excess ira contributions",0,0,0,1,"https://www.fidelity.com/retirement-ira/excess-ira-contributions","/excess-ira-contributions"
667,"inherited ira rmd",0,0,0,1,"https://www.fidelity.com/retirement-ira/inherited-ira-rmd","/inherited-ira-rmd"
668,"sep ira plan",0,0,0,1,"https://www.fidelity.com/retirement-ira/small-business/sep-ira-plan","/sep-ira-plan"
669,"alternative minimum tax",0,0,0,1,"https://www.fidelity.com/tax-information/tax-topics/alternative-minimum-tax","/alternative-minimum-tax"
670,"charitable tax strategies",0,0,0,1,"https://www.fidelity.com/viewpoints/personal-finance/charitable-tax-strategies","/charitable-tax-strategies"
671,"tax loss harvesting",0,0,0,1,"https://www.fidelity.com/viewpoints/personal-finance/tax-loss-harvesting","/tax-loss-harvesting"
672,"deferred income annuities",0,0,0,1,"https://www.fidelity.com/viewpoints/retirement/deferred-income-annuities","/deferred-income-annuities"
673,"tax savvy withdrawals",0,0,0,1,"https://www.fidelity.com/viewpoints/retirement/tax-savvy-withdrawals","/tax-savvy-withdrawals"
674,"investing opportunities to consider when interest rates rise",0,0,0,1,"https://www.ameriprise.com/financial-goals-priorities/investing/investing-opportunities-to-consider-when-interest-rates-rise","/investing-opportunities-to-consider-when-interest-rates-rise"
675,"passive income strategies",0,0,0,1,"https://www.ameriprise.com/financial-goals-priorities/investing/passive-income-strategies","/passive-income-strategies"
676,"refinancing mortgage options",0,0,0,1,"https://www.ameriprise.com/financial-goals-priorities/personal-finance/refinancing-mortgage-options","/refinancing-mortgage-options"
677,"tips for managing finances as a single person",0,0,0,1,"https://www.ameriprise.com/financial-goals-priorities/personal-finance/tips-for-managing-finances-as-a-single-person","/tips-for-managing-finances-as-a-single-person"
678,"travel budget plan for costs of big trip",0,0,0,1,"https://www.ameriprise.com/financial-goals-priorities/personal-finance/travel-budget-plan-for-costs-of-big-trip","/travel-budget-plan-for-costs-of-big-trip"
679,"income in retirement",0,0,0,1,"https://www.ameriprise.com/financial-goals-priorities/retirement/income-in-retirement","/income-in-retirement"
680,"maximizing 401k investments",0,0,0,1,"https://www.ameriprise.com/financial-goals-priorities/retirement/maximizing-401k-investments","/maximizing-401k-investments"
681,"new roth catch up contribution rules high earners",0,0,0,1,"https://www.ameriprise.com/financial-goals-priorities/retirement/new-roth-catch-up-contribution-rules-high-earners","/new-roth-catch-up-contribution-rules-high-earners"
682,"roth ira benefits",0,0,0,1,"https://www.ameriprise.com/financial-goals-priorities/retirement/roth-ira-benefits","/roth-ira-benefits"
683,"social security taxes",0,0,0,1,"https://www.ameriprise.com/financial-goals-priorities/retirement/social-security-taxes","/social-security-taxes"
684,"understanding social security",0,0,0,1,"https://www.ameriprise.com/financial-goals-priorities/retirement/understanding-social-security","/understanding-social-security"
685,"proactive tax planning",0,0,0,1,"https://www.ameriprise.com/financial-goals-priorities/taxes/proactive-tax-planning","/proactive-tax-planning"
686,"tax diversification retirement",0,0,0,1,"https://www.ameriprise.com/financial-goals-priorities/taxes/tax-diversification-retirement","/tax-diversification-retirement"
687,"tax filing faq",0,0,0,1,"https://www.ameriprise.com/financial-goals-priorities/taxes/tax-filing-faq","/tax-filing-faq"
688,"tax gain harvesting",0,0,0,1,"https://www.ameriprise.com/financial-goals-priorities/taxes/tax-gain-harvesting","/tax-gain-harvesting"
689,"tax season checklist",0,0,0,1,"https://www.ameriprise.com/financial-goals-priorities/taxes/tax-season-checklist","/tax-season-checklist"
690,"turbo tax faqs",0,0,0,1,"https://www.ameriprise.com/financial-goals-priorities/taxes/turbo-tax-faqs","/turbo-tax-faqs"
691,"enhanced loan calculator",0,0,0,1,"https://www.ameriprise.com/financial-news-research/financial-calculators/enhanced-loan-calculator","/enhanced-loan-calculator"
692,"mortgage refinance calculator",0,0,0,1,"https://www.ameriprise.com/financial-news-research/financial-calculators/mortgage-refinance-calculator","/mortgage-refinance-calculator"
693,"retirement income calculator",0,0,0,1,"https://www.ameriprise.com/financial-news-research/financial-calculators/retirement-income-calculator","/retirement-income-calculator"
694,"how to make a budget",0,0,0,2,"https://www.tiaa.org/public/learn/personal-finance-101/how-to-make-a-budget","/how-to-make-a-budget"
695,"details about withholding compliance you should know",0,0,0,1,"https://www.paycheckcity.com/insights/details-about-withholding-compliance-you-should-know","/details-about-withholding-compliance-you-should-know"
696,"how do i change my withholding allowances",0,0,0,1,"https://www.paycheckcity.com/insights/how-do-i-change-my-withholding-allowances","/how-do-i-change-my-withholding-allowances"
697,"want to save money try these apps",0,0,0,1,"https://www.paycheckcity.com/insights/want-to-save-money-try-these-apps","/want-to-save-money-try-these-apps"
698,"fast facts on wisconsin 2016 state taxes",0,0,0,1,"https://www.paycheckcity.com/insights/fast-facts-on-wisconsin-2016-state-taxes","/fast-facts-on-wisconsin-2016-state-taxes"
699,"payroll goddess",0,0,0,1,"https://www.paycheckcity.com/insights/payroll-goddess","/payroll-goddess"
700,"paycheckcity helps recent grads navigate personal finance",0,0,0,1,"https://www.paycheckcity.com/insights/paycheckcity-helps-recent-grads-navigate-personal-finance","/paycheckcity-helps-recent-grads-navigate-personal-finance"
701,"one state two state three state withholding",0,0,0,1,"https://www.paycheckcity.com/insights/one-state-two-state-three-state-withholding","/one-state-two-state-three-state-withholding"
702,"are arguments to avoid paying taxes legitimate",0,0,0,1,"https://www.paycheckcity.com/insights/are-arguments-to-avoid-paying-taxes-legitimate","/are-arguments-to-avoid-paying-taxes-legitimate"
703,"what are the estate and inheritance taxes",0,0,0,1,"https://www.paycheckcity.com/insights/what-are-the-estate-and-inheritance-taxes","/what-are-the-estate-and-inheritance-taxes"
704,"tax season",0,0,0,1,"https://www.paycheckcity.com/insights/tax-season","/tax-season"
705,"when will the 2018 calculators be ready",0,0,0,1,"https://www.paycheckcity.com/insights/when-will-the-2018-calculators-be-ready-","/when-will-the-2018-calculators-be-ready"
706,"tip income",0,0,0,1,"https://www.paycheckcity.com/insights/tip-income","/tip-income"
707,"the 411 on ohio 2016 state taxes",0,0,0,1,"https://www.paycheckcity.com/insights/the-411-on-ohio-2016-state-taxes","/the-411-on-ohio-2016-state-taxes"
708,"2016 south carolina state taxes and more",0,0,0,1,"https://www.paycheckcity.com/insights/2016-south-carolina-state-taxes-and-more","/2016-south-carolina-state-taxes-and-more"
709,"a look at pennsylvania 2016 state taxes",0,0,0,1,"https://www.paycheckcity.com/insights/a-look-at-pennsylvania-2016-state-taxes","/a-look-at-pennsylvania-2016-state-taxes"
710,"your spot for 2016 nevada state taxes",0,0,0,1,"https://www.paycheckcity.com/insights/your-spot-for-2016-nevada-state-taxes","/your-spot-for-2016-nevada-state-taxes"
711,"pennsylvania tax",0,0,0,1,"https://www.paycheckcity.com/insights/pennsylvania-tax","/pennsylvania-tax"
712,"here are your 2016 michigan state taxes",0,0,0,1,"https://www.paycheckcity.com/insights/here-are-your-2016-michigan-state-taxes","/here-are-your-2016-michigan-state-taxes"
713,"oregon state taxes and more for 2016",0,0,0,1,"https://www.paycheckcity.com/insights/oregon-state-taxes-and-more-for-2016","/oregon-state-taxes-and-more-for-2016"
714,"read all about 2016 florida state taxes",0,0,0,1,"https://www.paycheckcity.com/insights/read-all-about-2016-florida-state-taxes","/read-all-about-2016-florida-state-taxes"
715,"tax extension",0,0,0,1,"https://www.paycheckcity.com/insights/tax-extension","/tax-extension"
716,"payroll resources",0,0,0,1,"https://www.paycheckcity.com/payroll-resources","/payroll-resources"
717,"ira calculator",0,0,0,1,"http://www.calcxml.com/calculators/ira-calculator","/ira-calculator"
718,"loan balance",0,0,0,1,"http://www.calcxml.com/calculators/loan-balance","/loan-balance"
719,"impact of borrowing from my retirement plan",0,0,0,1,"http://www.calcxml.com/calculators/impact-of-borrowing-from-my-retirement-plan","/impact-of-borrowing-from-my-retirement-plan"
720,"disability income",0,0,0,1,"http://www.calcxml.com/calculators/disability-income","/disability-income"
721,"disability income.pdf",0,0,0,1,"http://www.calcxml.com/downloads/disability-income.pdf","/disability-income.pdf"
722,"roth ira",0,0,0,1,"https://www.tiaa.org/public/retire/financial-products/iras/roth-ira","/roth-ira"
723,"traditional ira",0,0,0,1,"https://www.tiaa.org/public/retire/financial-products/iras/traditional-ira","/traditional-ira"
724,"retirement income",0,0,0,1,"https://www.tiaa.org/public/invest/services/wealth-management/perspectives/retirement-income","/retirement-income"
725,"5 money lessons to teach your grandkids",0,0,0,1,"https://www.tiaa.org/public/invest/services/wealth-management/perspectives/5-money-lessons-to-teach-your-grandkids","/5-money-lessons-to-teach-your-grandkids"
726,"tax planning",0,0,0,1,"https://www.tiaa.org/public/invest/services/wealth-management/perspectives/tax-planning","/tax-planning"
727,"lifetime income",0,0,0,1,"https://www.tiaa.org/public/learn/lifetime-income","/lifetime-income"
728,"retirement plan profit sharing and loyalty bonus",0,0,0,1,"https://www.tiaa.org/public/learn/lifetime-income/retirement-plan-profit-sharing-and-loyalty-bonus","/retirement-plan-profit-sharing-and-loyalty-bonus"
729,"budgeting can help boost your retirement savings",0,0,0,1,"https://www.tiaa.org/public/learn/financial-essentials/budgeting-can-help-boost-your-retirement-savings","/budgeting-can-help-boost-your-retirement-savings"
730,"protect your retirement savings add a beneficiary",0,0,0,1,"https://www.tiaa.org/public/learn/financial-essentials/protect-your-retirement-savings-add-a-beneficiary","/protect-your-retirement-savings-add-a-beneficiary"
731,"how to talk about money with partner",0,0,0,1,"https://www.tiaa.org/public/learn/financial-essentials/how-to-talk-about-money-with-partner","/how-to-talk-about-money-with-partner"
732,"university san francisco retirement plan case study",0,0,0,1,"https://www.tiaa.org/public/plansponsors/why-tiaa/university-san-francisco-retirement-plan-case-study","/university-san-francisco-retirement-plan-case-study"
733,"financial and longevity literacy for retirement readiness",0,0,0,1,"https://www.tiaa.org/public/plansponsors/insights/tmrw/edition-1/financial-and-longevity-literacy-for-retirement-readiness","/financial-and-longevity-literacy-for-retirement-readiness"
734,"5 new years financial resolutions for retirement",0,0,0,1,"https://www.tiaa.org/public/plansponsors/insights/5-new-years-financial-resolutions-for-retirement","/5-new-years-financial-resolutions-for-retirement"
735,"saving college 529 plans and other options",0,0,0,1,"https://www.tiaa.org/public/institute/publication/2002/saving-college-529-plans-and-other-options","/saving-college-529-plans-and-other-options"
736,"trends health care spending and health insurance",0,0,0,1,"https://www.tiaa.org/public/institute/publication/2008/trends-health-care-spending-and-health-insurance","/trends-health-care-spending-and-health-insurance"
737,"lessons 2010 k 12 retirement confidence survey",0,0,0,1,"https://www.tiaa.org/public/institute/publication/2010/lessons-2010-k-12-retirement-confidence-survey","/lessons-2010-k-12-retirement-confidence-survey"
738,"use and impact advice among near retirees",0,0,0,1,"https://www.tiaa.org/public/institute/publication/2010/use-and-impact-advice-among-near-retirees","/use-and-impact-advice-among-near-retirees"
739,"how will near retirees manage retirement savings",0,0,0,1,"https://www.tiaa.org/public/institute/publication/2015/how-will-near-retirees-manage-retirement-savings","/how-will-near-retirees-manage-retirement-savings"
740,"it pays set menu mutual fund investment",0,0,0,1,"https://www.tiaa.org/public/institute/publication/2015/it-pays-set-menu-mutual-fund-investment","/it-pays-set-menu-mutual-fund-investment"
741,"new evidence demand advice within retirement plans",0,0,0,1,"https://www.tiaa.org/public/institute/publication/2017/new-evidence-demand-advice-within-retirement-plans","/new-evidence-demand-advice-within-retirement-plans"
742,"2018 tiaa institute gflec personal finance index",0,0,0,1,"https://www.tiaa.org/public/institute/publication/2018/2018-tiaa-institute-gflec-personal-finance-index","/2018-tiaa-institute-gflec-personal-finance-index"
743,"academic workforce flexibility and strategic outcomes insights",0,0,0,1,"https://www.tiaa.org/public/institute/publication/2018/academic-workforce-flexibility-and-strategic-outcomes-insights","/academic-workforce-flexibility-and-strategic-outcomes-insights"
744,"2019 tiaa institute gflec personal finance index",0,0,0,1,"https://www.tiaa.org/public/institute/publication/2019/2019-tiaa-institute-gflec-personal-finance-index","/2019-tiaa-institute-gflec-personal-finance-index"
745,"adjunct faculty personal finances and retirement savings",0,0,0,1,"https://www.tiaa.org/public/institute/publication/2019/adjunct-faculty-personal-finances-and-retirement-savings","/adjunct-faculty-personal-finances-and-retirement-savings"
746,"2020 tiaa institute gflec personal finance index",0,0,0,1,"https://www.tiaa.org/public/institute/publication/2020/2020-tiaa-institute-gflec-personal-finance-index","/2020-tiaa-institute-gflec-personal-finance-index"
747,"financial wellness and retirement readiness healthcare sector",0,0,0,1,"https://www.tiaa.org/public/institute/publication/2020/financial-wellness-and-retirement-readiness-healthcare-sector","/financial-wellness-and-retirement-readiness-healthcare-sector"
748,"2021 tiaa institute gflec personal finance index",0,0,0,1,"https://www.tiaa.org/public/institute/publication/2021/2021-tiaa-institute-gflec-personal-finance-index","/2021-tiaa-institute-gflec-personal-finance-index"
749,"fast forward forces defining future postsecondary learning",0,0,0,1,"https://www.tiaa.org/public/institute/publication/2021/fast-forward-forces-defining-future-postsecondary-learning","/fast-forward-forces-defining-future-postsecondary-learning"
750,"2022 tiaa institute gflec personal finance index",0,0,0,1,"https://www.tiaa.org/public/institute/publication/2022/2022-tiaa-institute-gflec-personal-finance-index","/2022-tiaa-institute-gflec-personal-finance-index"
751,"americans debt burden retirement readiness and pandemic",0,0,0,1,"https://www.tiaa.org/public/institute/publication/2022/americans-debt-burden-retirement-readiness-and-pandemic","/americans-debt-burden-retirement-readiness-and-pandemic"
752,"financial literacy longevity literacy and retirement readiness",0,0,0,1,"https://www.tiaa.org/public/institute/publication/2023/financial_literacy_longevity_literacy_and_retirement_readiness","/financial-literacy-longevity-literacy-and-retirement-readiness"
753,"health savings accounts and life cycle saving",0,0,0,1,"https://www.tiaa.org/public/institute/publication/2023/health-savings-accounts-and-life-cycle-saving","/health-savings-accounts-and-life-cycle-saving"
754,"how do life events affect retirement timing",0,0,0,1,"https://www.tiaa.org/public/institute/publication/2024/how-do-life-events-affect-retirement-timing","/how-do-life-events-affect-retirement-timing"
755,"safeguarding retirement in the age of scams",0,0,0,1,"https://www.tiaa.org/public/institute/publication/2025/safeguarding-retirement-in-the-age-of-scams","/safeguarding-retirement-in-the-age-of-scams"
756,"financial literacy and retirement fluency in america",0,0,0,1,"https://www.tiaa.org/public/institute/publication/2025/financial-literacy-and-retirement-fluency-in-america","/financial-literacy-and-retirement-fluency-in-america"
757,"automatic enrollment in public supplemental retirement plans",0,0,0,1,"https://www.tiaa.org/public/institute/publication/2025/automatic-enrollment-in-public-supplemental-retirement-plans","/automatic-enrollment-in-public-supplemental-retirement-plans"
758,"the common thread fifty states retirement report",0,0,0,1,"https://www.tiaa.org/public/institute/publication/2025/the-common-thread-fifty-states-retirement-report","/the-common-thread-fifty-states-retirement-report"
759,"financial wellness and retirement readiness higher education",0,0,0,1,"https://www.tiaa.org/public/institute/about/news/financial-wellness-and-retirement-readiness-higher-education","/financial-wellness-and-retirement-readiness-higher-education"
760,"2025 tiaa institute gflec personal finance index",0,0,0,1,"https://www.tiaa.org/public/institute/about/news/2025-tiaa-institute-gflec-personal-finance-index","/2025-tiaa-institute-gflec-personal-finance-index"
761,"how much will i need in retirement",0,0,0,1,"https://www.tiaa.org/public/transitioners/how-much-will-i-need-in-retirement","/how-much-will-i-need-in-retirement"
762,"three myths about healthcare costs in retirement",0,0,0,1,"https://www.tiaa.org/public/transitioners/three-myths-about-healthcare-costs-in-retirement","/three-myths-about-healthcare-costs-in-retirement"
763,"receive a tiaa retirement check for life",0,0,0,1,"https://www.tiaa.org/public/transitioners/receive-a-tiaa-retirement-check-for-life","/receive-a-tiaa-retirement-check-for-life"
764,"contribution decisions and inertia in retirement plans",0,0,0,1,"https://www.tiaa.org/public/institute/publication/2026/contribution-decisions-and-inertia-in-retirement-plans","/contribution-decisions-and-inertia-in-retirement-plans"
765,"rollover ira",0,0,0,1,"https://www.tiaa.org/public/education/essentials/annuitization/rollover-ira","/rollover-ira"
766,"2024 election season and your retirement plan",0,0,0,1,"https://www.tiaa.org/public/learn/2024-election-season-and-your-retirement-plan","/2024-election-season-and-your-retirement-plan"
767,"six questions to ask about life insurance",0,0,0,1,"https://www.tiaa.org/public/land/six-questions-to-ask-about-life-insurance","/six-questions-to-ask-about-life-insurance"
768,"balancing vacation expenses and saving for retirement",0,0,0,1,"https://www.tiaa.org/public/learn/balancing-vacation-expenses-and-saving-for-retirement","/balancing-vacation-expenses-and-saving-for-retirement"
769,"traditional or roth retirement plan options test",0,0,0,1,"https://www.tiaa.org/learn/financial-essentials/traditional-or-roth-retirement-plan-options-test","/traditional-or-roth-retirement-plan-options-test"
770,"separate bank accounts are good for marriage",0,0,0,1,"https://www.tiaa.org/public/learn/life-milestones/separate-bank-accounts-are-good-for-marriage","/separate-bank-accounts-are-good-for-marriage"
771,"4 steps to control your credit score",0,0,0,1,"https://www.tiaa.org/public/learn/personal-finance-101/4-steps-to-control-your-credit-score","/4-steps-to-control-your-credit-score"
772,"pay student loans or save for retirement",0,0,0,1,"https://www.tiaa.org/public/learn/prepare-unexpected/pay-student-loans-or-save-for-retirement","/pay-student-loans-or-save-for-retirement"
773,"income options",0,0,0,1,"https://www.tiaa.org/public/retire/services/preparing-for-retirement/income-options","/income-options"
774,"pay off debt or save for retirement",0,0,0,1,"https://www.tiaa.org/public/learn/retirement-planning-and-beyond/pay-off-debt-or-save-for-retirement","/pay-off-debt-or-save-for-retirement"
775,"retire inequality",0,0,0,1,"https://www.tiaa.org/public/land/retire-inequality","/retire-inequality"
776,"retirement happiness factors and annuities benefits b",0,0,0,1,"https://www.tiaa.org/public/plansponsors/insights/tmrw/edition-2/retirement-happiness-factors-and-annuities-benefits-b","/retirement-happiness-factors-and-annuities-benefits-b"
777,"tax center",0,0,0,1,"https://www.wellsfargo.com/tax-center/","/tax-center"
778,"signify business cash credit card terms conditions",0,0,0,1,"https://www.wellsfargo.com/biz/business-credit/credit-cards/signify-business-cash-credit-card-terms-conditions/","/signify-business-cash-credit-card-terms-conditions"
779,"term loan",0,0,0,1,"https://www.wellsfargo.com/biz/help/faqs/term-loan/","/term-loan"
780,"401k plan",0,0,0,1,"https://www.wellsfargo.com/biz/retirement/401k-plan/","/401k-plan"
781,"individual 401k",0,0,0,1,"https://www.wellsfargo.com/biz/retirement/individual-401k/","/individual-401k"
782,"simple ira",0,0,0,1,"https://www.wellsfargo.com/biz/retirement/simple-ira/","/simple-ira"
783,"skeptical about channel finance reasons to reconsider",0,0,0,1,"https://www.wellsfargo.com/com/insights/skeptical-about-channel-finance-reasons-to-reconsider/","/skeptical-about-channel-finance-reasons-to-reconsider"
784,"mortgage refinance",0,0,0,1,"https://www.wellsfargo.com/es/mortgage/mortgage-refinance/","/mortgage-refinance"
785,"tax scams",0,0,0,1,"https://www.wellsfargo.com/es/privacy-security/fraud/bank-scams/tax-scams/","/tax-scams"
786,"ira choices",0,0,0,1,"https://www.wellsfargo.com/investing/retirement/ira/ira-choices/","/ira-choices"
787,"loan programs",0,0,0,1,"https://www.wellsfargo.com/mortgage/loan-programs/","/loan-programs"
788,"importance of credit debt savings in homebuying",0,0,0,1,"https://www.wellsfargo.com/mortgage/learn/importance-of-credit-debt-savings-in-homebuying/","/importance-of-credit-debt-savings-in-homebuying"
789,"joint mortgage",0,0,0,1,"https://www.wellsfargo.com/mortgage/learn/joint-mortgage/","/joint-mortgage"
790,"mortgage process",0,0,0,1,"https://www.wellsfargo.com/mortgage/learn/mortgage-process/","/mortgage-process"
791,"fha loan",0,0,0,1,"https://www.wellsfargo.com/mortgage/loan-programs/fha-loan/","/fha-loan"
792,"jumbo loan",0,0,0,1,"https://www.wellsfargo.com/mortgage/loan-programs/jumbo-loan/","/jumbo-loan"
793,"maturing mortgage",0,0,0,1,"https://www.wellsfargo.com/mortgage/manage-account/maturing-mortgage/","/maturing-mortgage"
794,"investor center atlanta alpharetta alpharetta georgia 30022",0,0,0,1,"https://www.fidelity.com/branches/investor-center-atlanta-alpharetta-alpharetta-georgia-30022","/investor-center-atlanta-alpharetta-alpharetta-georgia-30022"
795,"investor center atlanta buckhead atlanta georgia 30326",0,0,0,1,"https://www.fidelity.com/branches/investor-center-atlanta-buckhead-atlanta-georgia-30326","/investor-center-atlanta-buckhead-atlanta-georgia-30326"
796,"investor center atlanta dunwoody atlanta georgia 30346",0,0,0,1,"https://www.fidelity.com/branches/investor-center-atlanta-dunwoody-atlanta-georgia-30346","/investor-center-atlanta-dunwoody-atlanta-georgia-30346"
797,"investor center austin domain austin texas 78758",0,0,0,1,"https://www.fidelity.com/branches/investor-center-austin-domain-austin-texas-78758","/investor-center-austin-domain-austin-texas-78758"
798,"investor center austin downtown austin texas 78703",0,0,0,1,"https://www.fidelity.com/branches/investor-center-austin-downtown-austin-texas-78703","/investor-center-austin-downtown-austin-texas-78703"
799,"investor center ballantyne charlotte north carolina 28277",0,0,0,1,"https://www.fidelity.com/branches/investor-center-ballantyne-charlotte-north-carolina-28277","/investor-center-ballantyne-charlotte-north-carolina-28277"
800,"investor center bucks county warrington pennsylvania 18976",0,0,0,1,"https://www.fidelity.com/branches/investor-center-bucks-county-warrington-pennsylvania-18976","/investor-center-bucks-county-warrington-pennsylvania-18976"
801,"investor center cherry creek denver colorado 80206",0,0,0,1,"https://www.fidelity.com/branches/investor-center-cherry-creek-denver-colorado-80206","/investor-center-cherry-creek-denver-colorado-80206"
802,"investor center cleveland east orange ohio 44122",0,0,0,1,"https://www.fidelity.com/branches/investor-center-cleveland-east-orange-ohio-44122","/investor-center-cleveland-east-orange-ohio-44122"
803,"investor center cleveland west westlake ohio 44145",0,0,0,1,"https://www.fidelity.com/branches/investor-center-cleveland-west-westlake-ohio-44145","/investor-center-cleveland-west-westlake-ohio-44145"
804,"investor center denver downtown denver colorado 80202",0,0,0,1,"https://www.fidelity.com/branches/investor-center-denver-downtown-denver-colorado-80202","/investor-center-denver-downtown-denver-colorado-80202"
805,"investor center fort wayne regional indiana 46825",0,0,0,1,"https://www.fidelity.com/branches/investor-center-fort-wayne-regional-indiana-46825","/investor-center-fort-wayne-regional-indiana-46825"
806,"investor center garden city new york 11530",0,0,0,1,"https://www.fidelity.com/branches/investor-center-garden-city-new-york-11530","/investor-center-garden-city-new-york-11530"
807,"investor center houston champion forest texas 77069",0,0,0,1,"https://www.fidelity.com/branches/investor-center-houston-champion-forest-texas-77069","/investor-center-houston-champion-forest-texas-77069"
808,"investor center lake grove new york 11755",0,0,0,1,"https://www.fidelity.com/branches/investor-center-lake-grove-new-york-11755","/investor-center-lake-grove-new-york-11755"
809,"investor center la woodland hills california 91367",0,0,0,1,"https://www.fidelity.com/branches/investor-center-la-woodland-hills-california-91367","/investor-center-la-woodland-hills-california-91367"
810,"investor center nashville west end tennessee 37203",0,0,0,1,"https://www.fidelity.com/branches/investor-center-nashville-west-end-tennessee-37203","/investor-center-nashville-west-end-tennessee-37203"
811,"investor center nyc flatiron new york 10010",0,0,0,1,"https://www.fidelity.com/branches/investor-center-nyc-flatiron-new-york-10010","/investor-center-nyc-flatiron-new-york-10010"
812,"investor center palm beach gardens florida 33410",0,0,0,1,"https://www.fidelity.com/branches/investor-center-palm-beach-gardens-florida-33410","/investor-center-palm-beach-gardens-florida-33410"
813,"investor center pittsburgh cranberry township pennsylvania 16066",0,0,0,1,"https://www.fidelity.com/branches/investor-center-pittsburgh-cranberry-township-pennsylvania-16066","/investor-center-pittsburgh-cranberry-township-pennsylvania-16066"
814,"investor center ponte vedra beach florida 32082",0,0,0,1,"https://www.fidelity.com/branches/investor-center-ponte-vedra-beach-florida-32082","/investor-center-ponte-vedra-beach-florida-32082"
815,"investor center richmond glen allen virginia 23060",0,0,0,1,"https://www.fidelity.com/branches/investor-center-richmond-glen-allen-virginia-23060","/investor-center-richmond-glen-allen-virginia-23060"
816,"investor center salt lake city utah 84101",0,0,0,1,"https://www.fidelity.com/branches/investor-center-salt-lake-city-utah-84101","/investor-center-salt-lake-city-utah-84101"
817,"investor center san jose campbell california 95008",0,0,0,1,"https://www.fidelity.com/branches/investor-center-san-jose-campbell-california-95008","/investor-center-san-jose-campbell-california-95008"
818,"investor center seattle south tukwila washington 98188",0,0,0,1,"https://www.fidelity.com/branches/investor-center-seattle-south-tukwila-washington-98188","/investor-center-seattle-south-tukwila-washington-98188"
819,"investor center tysons corner mclean virginia 22102",0,0,0,1,"https://www.fidelity.com/branches/investor-center-tysons-corner-mclean-virginia-22102","/investor-center-tysons-corner-mclean-virginia-22102"
820,"investor center washington district of columbia 20006",0,0,0,1,"https://www.fidelity.com/branches/investor-center-washington-district-of-columbia-20006","/investor-center-washington-district-of-columbia-20006"
821,"investor center winston salem north carolina 27103",0,0,0,1,"https://www.fidelity.com/branches/investor-center-winston-salem-north-carolina-27103","/investor-center-winston-salem-north-carolina-27103"
822,"tax video",0,0,0,1,"https://www.fidelity.com/crypto/help/tax-video","/tax-video"
823,"how to reinvest dividends and capital gains",0,0,0,1,"https://www.fidelity.com/learning-center/investment-products/how-to-reinvest-dividends-and-capital-gains","/how-to-reinvest-dividends-and-capital-gains"
824,"spousal ira",0,0,0,1,"https://www.fidelity.com/learning-center/investment-products/spousal-ira","/spousal-ira"
825,"decluttering and rightsizing your home for retirement",0,0,0,1,"https://www.fidelity.com/learning-center/life-events/decluttering-and-rightsizing-your-home-for-retirement","/decluttering-and-rightsizing-your-home-for-retirement"
826,"how freelancers can budget and take pto",0,0,0,1,"https://www.fidelity.com/learning-center/life-events/how-freelancers-can-budget-and-take-pto","/how-freelancers-can-budget-and-take-pto"
827,"how to find and claim life insurance",0,0,0,1,"https://www.fidelity.com/learning-center/life-events/how-to-find-and-claim-life-insurance","/how-to-find-and-claim-life-insurance"
828,"insurance and employer benefits for new parents",0,0,0,1,"https://www.fidelity.com/learning-center/life-events/insurance-and-employer-benefits-for-new-parents","/insurance-and-employer-benefits-for-new-parents"
829,"senior health care insurance and payment options",0,0,0,1,"https://www.fidelity.com/learning-center/life-events/senior-health-care-insurance-and-payment-options","/senior-health-care-insurance-and-payment-options"
830,"401k loans",0,0,0,1,"https://www.fidelity.com/learning-center/money-unscripted/401k-loans","/401k-loans"
831,"5 steps to learn how to budget",0,0,0,1,"https://www.fidelity.com/learning-center/personal-finance/5-steps-to-learn-how-to-budget","/5-steps-to-learn-how-to-budget"
832,"6 steps to recreate your retirement paycheck",0,0,0,1,"https://www.fidelity.com/learning-center/personal-finance/6-steps-to-recreate-your-retirement-paycheck","/6-steps-to-recreate-your-retirement-paycheck"
833,"discretionary income",0,0,0,1,"https://www.fidelity.com/learning-center/personal-finance/discretionary-income","/discretionary-income"
834,"how much life insurance do i need",0,0,0,1,"https://www.fidelity.com/learning-center/personal-finance/how-much-life-insurance-do-i-need","/how-much-life-insurance-do-i-need"
835,"how to get a line of credit",0,0,0,1,"https://www.fidelity.com/learning-center/personal-finance/how-to-get-a-line-of-credit","/how-to-get-a-line-of-credit"
836,"kiddie tax",0,0,0,1,"https://www.fidelity.com/learning-center/personal-finance/kiddie-tax","/kiddie-tax"
837,"payroll tax",0,0,0,1,"https://www.fidelity.com/learning-center/personal-finance/payroll-tax","/payroll-tax"
838,"refinance mortgage",0,0,0,1,"https://www.fidelity.com/learning-center/personal-finance/refinance-mortgage","/refinance-mortgage"
839,"401k benefits",0,0,0,1,"https://www.fidelity.com/learning-center/personal-finance/retirement/401k-benefits","/401k-benefits"
840,"401k taxes",0,0,0,1,"https://www.fidelity.com/learning-center/personal-finance/retirement/401k-taxes","/401k-taxes"
841,"going from saving to living in retirement",0,0,0,1,"https://www.fidelity.com/learning-center/personal-finance/retirement/going-from-saving-to-living-in-retirement","/going-from-saving-to-living-in-retirement"
842,"how to max out your retirement vp",0,0,0,1,"https://www.fidelity.com/learning-center/personal-finance/retirement/how-to-max-out-your-retirement-vp","/how-to-max-out-your-retirement-vp"
843,"roth 401k",0,0,0,1,"https://www.fidelity.com/learning-center/personal-finance/roth-401k","/roth-401k"
844,"should you hire a professional money manager",0,0,0,1,"https://www.fidelity.com/learning-center/personal-finance/should-you-hire-a-professional-money-manager","/should-you-hire-a-professional-money-manager"
845,"tax moves",0,0,0,1,"https://www.fidelity.com/learning-center/personal-finance/tax-moves","/tax-moves"
846,"tax pitfalls",0,0,0,1,"https://www.fidelity.com/learning-center/personal-finance/tax-pitfalls","/tax-pitfalls"
847,"tax tips",0,0,0,1,"https://www.fidelity.com/learning-center/personal-finance/tax-tips","/tax-tips"
848,"women talk money top 10 questions 2025",0,0,0,1,"https://www.fidelity.com/learning-center/personal-finance/women-talk-money-top-10-questions-2025","/women-talk-money-top-10-questions-2025"
849,"can i have two health insurance plans",0,0,0,1,"https://www.fidelity.com/learning-center/smart-money/can-i-have-two-health-insurance-plans","/can-i-have-two-health-insurance-plans"
850,"disposable income",0,0,0,1,"https://www.fidelity.com/learning-center/smart-money/disposable-income","/disposable-income"
851,"how to invest in the sp 500",0,0,0,1,"https://www.fidelity.com/learning-center/smart-money/how-to-invest-in-the-sp-500","/how-to-invest-in-the-sp-500"
852,"how to save money on a wedding",0,0,0,1,"https://www.fidelity.com/learning-center/smart-money/how-to-save-money-on-a-wedding","/how-to-save-money-on-a-wedding"
853,"mortgage recast",0,0,0,1,"https://www.fidelity.com/learning-center/smart-money/mortgage-recast","/mortgage-recast"
854,"retirement savings in your 20s and 30s",0,0,0,1,"https://www.fidelity.com/learning-center/smart-money/retirement-savings-in-your-20s-and-30s","/retirement-savings-in-your-20s-and-30s"
855,"tax filing",0,0,0,1,"https://www.fidelity.com/learning-center/smart-money/tax-filing","/tax-filing"
856,"tax forms",0,0,0,1,"https://www.fidelity.com/learning-center/smart-money/tax-forms","/tax-forms"
857,"tax withholding",0,0,0,1,"https://www.fidelity.com/learning-center/smart-money/tax-withholding","/tax-withholding"
858,"what happens if you dont file taxes",0,0,0,1,"https://www.fidelity.com/learning-center/smart-money/what-happens-if-you-dont-file-taxes","/what-happens-if-you-dont-file-taxes"
859,"what happens if you file taxes late",0,0,0,1,"https://www.fidelity.com/learning-center/smart-money/what-happens-if-you-file-taxes-late","/what-happens-if-you-file-taxes-late"
860,"how to invest in crypto q42025 vid",0,0,0,1,"https://www.fidelity.com/learning-center/trading-investing/crypto/how-to-invest-in-crypto-q42025-vid","/how-to-invest-in-crypto-q42025-vid"
861,"crypto ira",0,0,0,1,"https://www.fidelity.com/learning-center/trading-investing/crypto-ira","/crypto-ira"
862,"income statement",0,0,0,1,"https://www.fidelity.com/learning-center/trading-investing/fundamental-analysis/income-statement","/income-statement"
863,"how to invest in international stocks video",0,0,0,1,"https://www.fidelity.com/learning-center/trading-investing/how-to-invest-in-international-stocks-video","/how-to-invest-in-international-stocks-video"
864,"interest income",0,0,0,1,"https://www.fidelity.com/learning-center/trading-investing/interest-income","/interest-income"
865,"mortgage points",0,0,0,1,"https://www.fidelity.com/learning-center/trading-investing/mortgage-points","/mortgage-points"
866,"you ask we answer budgeting and debt",0,0,0,1,"https://www.fidelity.com/learning-center/trading-investing/you-ask-we-answer-budgeting-and-debt","/you-ask-we-answer-budgeting-and-debt"
867,"6 steps to building an investment strategy",0,0,0,1,"https://www.fidelity.com/learning-center/wealth-management-insights/6-steps-to-building-an-investment-strategy","/6-steps-to-building-an-investment-strategy"
868,"how to build a diversified investment portfolio",0,0,0,1,"https://www.fidelity.com/learning-center/wealth-management-insights/how-to-build-a-diversified-investment-portfolio","/how-to-build-a-diversified-investment-portfolio"
869,"learn er markets sectors global markets overview.shtml",0,0,0,1,"https://www.fidelity.com/quick-content/etf/help/research/learn_er_markets_sectors_global_markets_overview.shtml","/learn-er-markets-sectors-global-markets-overview.shtml"
870,"ira comparison",0,0,0,1,"https://www.fidelity.com/retirement-ira/ira-comparison","/ira-comparison"
871,"trading guide managing investment risks and opportunities",0,0,0,1,"https://www.fidelity.com/viewpoints/active-investor/trading-guide-managing-investment-risks-and-opportunities","/trading-guide-managing-investment-risks-and-opportunities"
872,"credit and debit card tips for travel",0,0,0,1,"https://www.fidelity.com/viewpoints/financial-basics/credit-and-debit-card-tips-for-travel","/credit-and-debit-card-tips-for-travel"
873,"tax strategy",0,0,0,1,"https://www.fidelity.com/viewpoints/investing-ideas/tax-strategy","/tax-strategy"
874,"how to save money on prescription drugs",0,0,0,1,"https://www.fidelity.com/viewpoints/personal-finance/how-to-save-money-on-prescription-drugs","/how-to-save-money-on-prescription-drugs"
875,"picking mortgage",0,0,0,1,"https://www.fidelity.com/viewpoints/personal-finance/picking-mortgage","/picking-mortgage"
876,"401k contributions",0,0,0,1,"https://www.fidelity.com/viewpoints/retirement/401k-contributions","/401k-contributions"
877,"ira portfolio",0,0,0,1,"https://www.fidelity.com/viewpoints/retirement/ira-portfolio","/ira-portfolio"
878,"no 401k",0,0,0,1,"https://www.fidelity.com/viewpoints/retirement/no-401k","/no-401k"
879,"mortgage rates",0,0,0,1,"https://www.zillow.com/mortgage-rates/","/mortgage-rates"
880,"mortgage learning",0,0,0,1,"https://www.zillow.com/mortgage-learning/","/mortgage-learning"
881,"resources for senior investors and vulnerable adults",0,0,0,1,"https://www.ameriprise.com/customer-service/resources-for-senior-investors-and-vulnerable-adults","/resources-for-senior-investors-and-vulnerable-adults"
882,"how to choose a health insurance plan",0,0,0,1,"https://www.ameriprise.com/financial-goals-priorities/insurance-health/how-to-choose-a-health-insurance-plan","/how-to-choose-a-health-insurance-plan"
883,"how much do i need for retirement",0,0,0,1,"https://www.ameriprise.com/financial-goals-priorities/retirement/how-much-do-i-need-for-retirement","/how-much-do-i-need-for-retirement"
884,"shedding light on the myths of retirement",0,0,0,1,"https://www.ameriprise.com/financial-goals-priorities/retirement/shedding-light-on-the-myths-of-retirement","/shedding-light-on-the-myths-of-retirement"
885,"tax harvesting",0,0,0,1,"https://www.ameriprise.com/financial-goals-priorities/taxes/tax-harvesting","/tax-harvesting"
886,"tax questions",0,0,0,1,"https://www.ameriprise.com/financial-goals-priorities/taxes/tax-questions","/tax-questions"
887,"credit cards",0,0,0,3,"https://www.wellsfargo.com/biz/help/faqs/credit-cards/","/credit-cards"
888,"employer sponsored retirement plans",0,0,0,2,"https://www.tiaa.org/public/retire/financial-products/retirement-plans/employer-sponsored-retirement-plans","/employer-sponsored-retirement-plans"
889,"pay off debt faster",0,0,0,2,"https://www.wellsfargo.com/es/goals-credit/smarter-credit/manage-your-debt/pay-off-debt-faster/","/pay-off-debt-faster"
890,"long term care insurance",0,0,0,2,"https://www.fidelity.com/learning-center/money-unscripted/long-term-care-insurance","/long-term-care-insurance"
891,"downsizing home for retirement",0,0,0,2,"https://www.fidelity.com/learning-center/personal-finance/downsizing-home-for-retirement","/downsizing-home-for-retirement"
892,"what are alternative investments",0,0,0,2,"https://www.fidelity.com/learning-center/trading-investing/what-are-alternative-investments","/what-are-alternative-investments"
893,"how to use the hourly calculator",0,0,0,1,"https://www.paycheckcity.com/insights/how-to-use-the-hourly-calculator","/how-to-use-the-hourly-calculator"
894,"upcoming wage base changes for 2020",0,0,0,1,"https://www.paycheckcity.com/insights/upcoming-wage-base-changes-for-2020","/upcoming-wage-base-changes-for-2020"
895,"how to use federal withholding tables",0,0,0,1,"https://www.paycheckcity.com/insights/how-to-use-federal-withholding-tables","/how-to-use-federal-withholding-tables"
896,"you mean gift cards are taxable",0,0,0,1,"https://www.paycheckcity.com/insights/you-mean-gift-cards-are-taxable","/you-mean-gift-cards-are-taxable"
897,"paycheckcity releases new 2011 paycheck calculators",0,0,0,1,"https://www.paycheckcity.com/insights/paycheckcity-releases-new-2011-paycheck-calculators","/paycheckcity-releases-new-2011-paycheck-calculators"
898,"new oklahoma state taxes in 2016",0,0,0,1,"https://www.paycheckcity.com/insights/new-oklahoma-state-taxes-in-2016","/new-oklahoma-state-taxes-in-2016"
899,"all about rhode island taxes 2014",0,0,0,1,"https://www.paycheckcity.com/insights/all-about-rhode-island-taxes-2014","/all-about-rhode-island-taxes-2014"
900,"all about south dakota taxes 2014",0,0,0,1,"https://www.paycheckcity.com/insights/all-about-south-dakota-taxes-2014","/all-about-south-dakota-taxes-2014"
901,"all about wyoming state taxes 2014",0,0,0,1,"https://www.paycheckcity.com/insights/all-about-wyoming-state-taxes-2014","/all-about-wyoming-state-taxes-2014"
902,"looking for 2016 maryland state taxes",0,0,0,1,"https://www.paycheckcity.com/insights/looking-for-2016-maryland-state-taxes","/looking-for-2016-maryland-state-taxes"
903,"your 2016 rhode island state taxes",0,0,0,1,"https://www.paycheckcity.com/insights/your-2016-rhode-island-state-taxes","/your-2016-rhode-island-state-taxes"
904,"new york state taxes in 2016",0,0,0,1,"https://www.paycheckcity.com/insights/new-york-state-taxes-in-2016","/new-york-state-taxes-in-2016"
905,"your 2016 state taxes for illinois",0,0,0,1,"https://www.paycheckcity.com/insights/your-2016-state-taxes-for-illinois","/your-2016-state-taxes-for-illinois"
906,"all about missouri state taxes 2014",0,0,0,1,"https://www.paycheckcity.com/insights/all-about-missouri-state-taxes-2014","/all-about-missouri-state-taxes-2014"
907,"all about delaware state taxes 2014",0,0,0,1,"https://www.paycheckcity.com/insights/all-about-delaware-state-taxes-2014","/all-about-delaware-state-taxes-2014"
908,"gross pay and net pay differences",0,0,0,1,"https://www.paycheckcity.com/insights/gross-pay-and-net-pay-differences","/gross-pay-and-net-pay-differences"
909,"how long will my money last",0,0,0,1,"http://www.calcxml.com/calculators/how-long-will-my-money-last","/how-long-will-my-money-last"
910,"when to start saving for college",0,0,0,1,"http://www.calcxml.com/calculators/when-to-start-saving-for-college","/when-to-start-saving-for-college"
911,"are my current retirement savings sufficient",0,0,0,1,"http://www.calcxml.com/calculators/are-my-current-retirement-savings-sufficient","/are-my-current-retirement-savings-sufficient"
912,"certificate of deposit cd laddering strategy",0,0,0,1,"http://www.calcxml.com/calculators/certificate-of-deposit-cd-laddering-strategy","/certificate-of-deposit-cd-laddering-strategy"
913,"five charts fedpolicy ai interest rates",0,0,0,1,"https://www.tiaa.org/public/invest/services/wealth-management/perspectives/five-charts-fedpolicy-ai-interest-rates","/five-charts-fedpolicy-ai-interest-rates"
914,"5 ways to celebrate retirement today",0,0,0,1,"https://www.tiaa.org/public/invest/services/wealth-management/perspectives/5-ways-to-celebrate-retirement-today","/5-ways-to-celebrate-retirement-today"
915,"fixed annuity versus 4 percent rule",0,0,0,1,"https://www.tiaa.org/public/invest/services/wealth-management/perspectives/fixed-annuity-versus-4-percent-rule","/fixed-annuity-versus-4-percent-rule"
916,"monthly market roundup international stock investing",0,0,0,1,"https://www.tiaa.org/public/invest/services/wealth-management/perspectives/monthly-market-roundup-international-stock-investing","/monthly-market-roundup-international-stock-investing"
917,"financial advisor tips savings and blindspots",0,0,0,1,"https://www.tiaa.org/public/invest/services/wealth-management/perspectives/financial-advisor-tips-savings-and-blindspots","/financial-advisor-tips-savings-and-blindspots"
918,"securities backed lines of credit explained",0,0,0,1,"https://www.tiaa.org/public/invest/services/wealth-management/perspectives/securities-backed-lines-of-credit-explained","/securities-backed-lines-of-credit-explained"
919,"how much to annuitize retirement savings",0,0,0,1,"https://www.tiaa.org/public/invest/services/wealth-management/perspectives/how-much-to-annuitize-retirement-savings","/how-much-to-annuitize-retirement-savings"
920,"traditional or roth retirement plan options",0,0,0,1,"https://www.tiaa.org/public/learn/financial-essentials/traditional-or-roth-retirement-plan-options","/traditional-or-roth-retirement-plan-options"
921,"gonzaga university retirement plan case study",0,0,0,1,"https://www.tiaa.org/public/plansponsors/why-tiaa/gonzaga-university-retirement-plan-case-study","/gonzaga-university-retirement-plan-case-study"
922,"healthcare retirement investment plan case study",0,0,0,1,"https://www.tiaa.org/public/plansponsors/why-tiaa/healthcare-retirement-investment-plan-case-study","/healthcare-retirement-investment-plan-case-study"
923,"msu denver retirement plan case study",0,0,0,1,"https://www.tiaa.org/public/plansponsors/why-tiaa/msu-denver-retirement-plan-case-study","/msu-denver-retirement-plan-case-study"
924,"retirement happiness factors and annuities benefits",0,0,0,1,"https://www.tiaa.org/public/plansponsors/insights/tmrw/edition-2/retirement-happiness-factors-and-annuities-benefits","/retirement-happiness-factors-and-annuities-benefits"
925,"how tiaa manages americas retirement money",0,0,0,1,"https://www.tiaa.org/public/plansponsors/insights/tmrw/edition-3/how-tiaa-manages-americas-retirement-money","/how-tiaa-manages-americas-retirement-money"
926,"ask consultant employer retirement plan management",0,0,0,1,"https://www.tiaa.org/public/plansponsors/insights/tmrw/edition-6/ask-consultant-employer-retirement-plan-management","/ask-consultant-employer-retirement-plan-management"
927,"annuity graded payment method and cpi",0,0,0,1,"https://www.tiaa.org/public/institute/publication/1995/annuity-graded-payment-method-and-cpi","/annuity-graded-payment-method-and-cpi"
928,"capital gains taxes and portfolio rebalancing",0,0,0,1,"https://www.tiaa.org/public/institute/publication/2003/capital-gains-taxes-and-portfolio-rebalancing","/capital-gains-taxes-and-portfolio-rebalancing"
929,"do we have retirement crisis america",0,0,0,1,"https://www.tiaa.org/public/institute/publication/2003/do-we-have-retirement-crisis-america","/do-we-have-retirement-crisis-america"
930,"impact retiree health plans faculty 0",0,0,0,1,"https://www.tiaa.org/public/institute/publication/2004/impact-retiree-health-plans-faculty-0","/impact-retiree-health-plans-faculty-0"
931,"college savings options and impact savings",0,0,0,1,"https://www.tiaa.org/public/institute/publication/2005/college-savings-options-and-impact-savings","/college-savings-options-and-impact-savings"
932,"options and alternatives fund retiree health",0,0,0,1,"https://www.tiaa.org/public/institute/publication/2005/options-and-alternatives-fund-retiree-health","/options-and-alternatives-fund-retiree-health"
933,"phased retirement often win win situation",0,0,0,1,"https://www.tiaa.org/public/institute/publication/2005/phased-retirement-often-win-win-situation","/phased-retirement-often-win-win-situation"
934,"retiree health care individuals picking bigger",0,0,0,1,"https://www.tiaa.org/public/institute/publication/2005/retiree-health-care-individuals-picking-bigger","/retiree-health-care-individuals-picking-bigger"
935,"life insurance coverage how much right",0,0,0,1,"https://www.tiaa.org/public/institute/publication/2006/life-insurance-coverage-how-much-right","/life-insurance-coverage-how-much-right"
936,"adjusting retirement goals and savings behavior",0,0,0,1,"https://www.tiaa.org/public/institute/publication/2008/adjusting-retirement-goals-and-savings-behavior","/adjusting-retirement-goals-and-savings-behavior"
937,"engaging new hires invest their financial",0,0,0,1,"https://www.tiaa.org/public/institute/publication/2008/engaging-new-hires-invest-their-financial","/engaging-new-hires-invest-their-financial"
938,"meeting health care expenses retirement how",0,0,0,1,"https://www.tiaa.org/public/institute/publication/2009/meeting-health-care-expenses-retirement-how","/meeting-health-care-expenses-retirement-how"
939,"2010 public sector retirement confidence survey",0,0,0,1,"https://www.tiaa.org/public/institute/publication/2010/2010-public-sector-retirement-confidence-survey","/2010-public-sector-retirement-confidence-survey"
940,"retirement confidence among state and local",0,0,0,1,"https://www.tiaa.org/public/institute/publication/2010/retirement-confidence-among-state-and-local","/retirement-confidence-among-state-and-local"
941,"retirement health among hospital workers 2010",0,0,0,1,"https://www.tiaa.org/public/institute/publication/2010/retirement-health-among-hospital-workers-2010","/retirement-health-among-hospital-workers-2010"
942,"pensions and public school teacher retirement",0,0,0,1,"https://www.tiaa.org/public/institute/publication/2011/pensions-and-public-school-teacher-retirement","/pensions-and-public-school-teacher-retirement"
943,"rethinking defined contribution retirement plan 0",0,0,0,1,"https://www.tiaa.org/public/institute/publication/2011/rethinking-defined-contribution-retirement-plan-0","/rethinking-defined-contribution-retirement-plan-0"
944,"rethinking defined contribution retirement plan 1",0,0,0,1,"https://www.tiaa.org/public/institute/publication/2011/rethinking-defined-contribution-retirement-plan-1","/rethinking-defined-contribution-retirement-plan-1"
945,"retirement confidence among k 12 employees",0,0,0,1,"https://www.tiaa.org/public/institute/publication/2011/retirement-confidence-among-k-12-employees","/retirement-confidence-among-k-12-employees"
946,"retirement plans policies and practices higher",0,0,0,1,"https://www.tiaa.org/public/institute/publication/2013/retirement-plans-policies-and-practices-higher","/retirement-plans-policies-and-practices-higher"
947,"retiree health insurance and retirement plans",0,0,0,1,"https://www.tiaa.org/public/institute/publication/2015/retiree-health-insurance-and-retirement-plans","/retiree-health-insurance-and-retirement-plans"
948,"bridging learning research and teaching practice",0,0,0,1,"https://www.tiaa.org/public/institute/publication/2016/bridging-learning-research-and-teaching-practice","/bridging-learning-research-and-teaching-practice"
949,"preference checklists choice architecture retirement decisions",0,0,0,1,"https://www.tiaa.org/public/institute/publication/2016/preference-checklists-choice-architecture-retirement-decisions","/preference-checklists-choice-architecture-retirement-decisions"
950,"academic workforce flexibility and strategic outcomes",0,0,0,1,"https://www.tiaa.org/public/institute/publication/2017/academic-workforce-flexibility-and-strategic-outcomes","/academic-workforce-flexibility-and-strategic-outcomes"
951,"target date funds annuitization and retirement",0,0,0,1,"https://www.tiaa.org/public/institute/publication/2017/target-date-funds-annuitization-and-retirement","/target-date-funds-annuitization-and-retirement"
952,"household investment puzzles and probability weighting",0,0,0,1,"https://www.tiaa.org/public/institute/publication/2018/household-investment-puzzles-and-probability-weighting","/household-investment-puzzles-and-probability-weighting"
953,"household borrowing and shocks retirement benefits",0,0,0,1,"https://www.tiaa.org/public/institute/publication/2020/household-borrowing-and-shocks-retirement-benefits","/household-borrowing-and-shocks-retirement-benefits"
954,"overpaying and undersaving correlated mistakes 0",0,0,0,1,"https://www.tiaa.org/public/institute/publication/2020/overpaying-and-undersaving-correlated-mistakes-0","/overpaying-and-undersaving-correlated-mistakes-0"
955,"pandemic college affordability and student debt",0,0,0,1,"https://www.tiaa.org/public/institute/publication/2020/pandemic-college-affordability-and-student-debt","/pandemic-college-affordability-and-student-debt"
956,"investment defaults and retirement savings allocations",0,0,0,1,"https://www.tiaa.org/public/institute/publication/2021/investment-defaults-and-retirement-savings-allocations","/investment-defaults-and-retirement-savings-allocations"
957,"retirement readiness among higher education workforce",0,0,0,1,"https://www.tiaa.org/public/institute/publication/2021/retirement-readiness-among-higher-education-workforce","/retirement-readiness-among-higher-education-workforce"
958,"cohort analysis investment performance tiaa traditional",0,0,0,1,"https://www.tiaa.org/public/institute/publication/2022/cohort-analysis-investment-performance-tiaa-traditional","/cohort-analysis-investment-performance-tiaa-traditional"
959,"saving and attitudes to the future",0,0,0,1,"https://www.tiaa.org/public/institute/publication/2023/saving-and-attitudes-to-the-future","/saving-and-attitudes-to-the-future"
960,"retirement readiness in the healthcare sector",0,0,0,1,"https://www.tiaa.org/public/institute/publication/2024/retirement-readiness-in-the-healthcare-sector","/retirement-readiness-in-the-healthcare-sector"
961,"planning and experiencing a secure retirement",0,0,0,1,"https://www.tiaa.org/public/institute/about/events/planning-and-experiencing-a-secure-retirement","/planning-and-experiencing-a-secure-retirement"
962,"next gen digital learning infrastructure project",0,0,0,1,"https://www.tiaa.org/public/institute/about/news/next-gen-digital-learning-infrastructure-project","/next-gen-digital-learning-infrastructure-project"
963,"tiaa user generated content terms conditions",0,0,0,1,"https://www.tiaa.org/public/land/tiaa-user-generated-content-terms-conditions","/tiaa-user-generated-content-terms-conditions"
964,"take two 2025 retirement industry trends",0,0,0,1,"https://www.tiaa.org/public/video/take-two-2025-retirement-industry-trends","/take-two-2025-retirement-industry-trends"
965,"how to withdraw money in retirement",0,0,0,1,"https://www.tiaa.org/public/transitioners/how-to-withdraw-money-in-retirement","/how-to-withdraw-money-in-retirement"
966,"create meaningful family memories in retirement",0,0,0,1,"https://www.tiaa.org/public/transitioners/create-meaningful-family-memories-in-retirement","/create-meaningful-family-memories-in-retirement"
967,"volunteering your next great retirement adventure",0,0,0,1,"https://www.tiaa.org/public/transitioners/volunteering-your-next-great-retirement-adventure","/volunteering-your-next-great-retirement-adventure"
968,"how an unpredictable economy impacts retirement",0,0,0,1,"https://www.tiaa.org/public/transitioners/how-an-unpredictable-economy-impacts-retirement","/how-an-unpredictable-economy-impacts-retirement"
969,"529 education savings accounts college career",0,0,0,1,"https://www.tiaa.org/public/invest/services/wealth-management/perspectives/529-education-savings-accounts-college-career","/529-education-savings-accounts-college-career"
970,"finance leaders exchange ai insights cfo",0,0,0,1,"https://www.tiaa.org/public/b2b/thought-leadership/finance-leaders-exchange-ai-insights-cfo","/finance-leaders-exchange-ai-insights-cfo"
971,"bridging the gaps in retirement expectations",0,0,0,1,"https://www.tiaa.org/public/institute/publication/2026/bridging-the-gaps-in-retirement-expectations","/bridging-the-gaps-in-retirement-expectations"
972,"alternative financial service use among retirees",0,0,0,1,"https://www.tiaa.org/public/institute/publication/2026/alternative-financial-service-use-among-retirees","/alternative-financial-service-use-among-retirees"
973,"saving a little can add up",0,0,0,1,"https://www.tiaa.org/public/land/saving_a_little_can_add_up","/saving-a-little-can-add-up"
974,"6 debt mistakes you can avoid",0,0,0,1,"https://www.tiaa.org/public/learn/personal-finance-101/6-debt-mistakes-you-can-avoid","/6-debt-mistakes-you-can-avoid"
975,"how to stay connected post retirement",0,0,0,1,"https://www.tiaa.org/public/learn/retirement-planning-and-beyond/living-in-retirement/how-to-stay-connected-post-retirement","/how-to-stay-connected-post-retirement"
976,"how to stay healthy after retirement",0,0,0,1,"https://www.tiaa.org/public/learn/retirement-planning-and-beyond/living-in-retirement/how-to-stay-healthy-after-retirement","/how-to-stay-healthy-after-retirement"
977,"keep your finances strong after retirement",0,0,0,1,"https://www.tiaa.org/public/learn/retirement-planning-and-beyond/living-in-retirement/keep-your-finances-strong-after-retirement","/keep-your-finances-strong-after-retirement"
978,"think differently about taxes in retirement",0,0,0,1,"https://www.tiaa.org/public/learn/retirement-planning-and-beyond/think-differently-about-taxes-in-retirement","/think-differently-about-taxes-in-retirement"
979,"five principles for long term investments",0,0,0,1,"https://www.tiaa.org/public/learn/personal-finance-101/five-principles-for-long-term-investments","/five-principles-for-long-term-investments"
980,"five principles for long term investments0",0,0,0,1,"https://www.tiaa.org/public/learn/personal-finance-101/five-principles-for-long-term-investments0","/five-principles-for-long-term-investments0"
981,"saving for retirement in your 20s",0,0,0,1,"https://www.tiaa.org/public/learn/prepare-unexpected/saving-for-retirement-in-your-20s","/saving-for-retirement-in-your-20s"
982,"how much to save for retirement",0,0,0,1,"https://www.tiaa.org/public/learn/retirement-planning-and-beyond/how-much-to-save-for-retirement","/how-much-to-save-for-retirement"
983,"understanding taxes in 2024 and beyond",0,0,0,1,"https://www.tiaa.org/public/learn/understanding-taxes-in-2024-and-beyond","/understanding-taxes-in-2024-and-beyond"
984,"protect payments as ai changes landscape",0,0,0,1,"https://www.wellsfargo.com/com/insights/protect-payments-as-ai-changes-landscape/","/protect-payments-as-ai-changes-landscape"
985,"renegotiating terms consider supply chain finance",0,0,0,1,"https://www.wellsfargo.com/com/insights/renegotiating-terms-consider-supply-chain-finance/","/renegotiating-terms-consider-supply-chain-finance"
986,"resources for commercial and corporate clients",0,0,0,1,"https://www.wellsfargo.com/es/privacy-security/fraud/resources-for-commercial-and-corporate-clients/","/resources-for-commercial-and-corporate-clients"
987,"buying a home on a budget",0,0,0,1,"https://www.wellsfargo.com/mortgage/learn/buying-a-home-on-a-budget/","/buying-a-home-on-a-budget"
988,"investor center albany new york 12205",0,0,0,1,"https://www.fidelity.com/branches/investor-center-albany-new-york-12205","/investor-center-albany-new-york-12205"
989,"investor center albuquerque new mexico 87110",0,0,0,1,"https://www.fidelity.com/branches/investor-center-albuquerque-new-mexico-87110","/investor-center-albuquerque-new-mexico-87110"
990,"investor center ann arbor michigan 48108",0,0,0,1,"https://www.fidelity.com/branches/investor-center-ann-arbor-michigan-48108","/investor-center-ann-arbor-michigan-48108"
991,"investor center biltmore phoenix arizona 85018",0,0,0,1,"https://www.fidelity.com/branches/investor-center-biltmore-phoenix-arizona-85018","/investor-center-biltmore-phoenix-arizona-85018"
992,"investor center boca raton florida 33486",0,0,0,1,"https://www.fidelity.com/branches/investor-center-boca-raton-florida-33486","/investor-center-boca-raton-florida-33486"
993,"investor center bridgewater new jersey 08807",0,0,0,1,"https://www.fidelity.com/branches/investor-center-bridgewater-new-jersey-08807","/investor-center-bridgewater-new-jersey-08807"
994,"investor center cary north carolina 27518",0,0,0,1,"https://www.fidelity.com/branches/investor-center-cary-north-carolina-27518","/investor-center-cary-north-carolina-27518"
995,"investor center chappaqua new york 10514",0,0,0,1,"https://www.fidelity.com/branches/investor-center-chappaqua-new-york-10514","/investor-center-chappaqua-new-york-10514"
996,"investor center charleston south carolina 29464",0,0,0,1,"https://www.fidelity.com/branches/investor-center-charleston-south-carolina-29464","/investor-center-charleston-south-carolina-29464"
997,"investor center charlotte north carolina 28211",0,0,0,1,"https://www.fidelity.com/branches/investor-center-charlotte-north-carolina-28211","/investor-center-charlotte-north-carolina-28211"
998,"investor center chattanooga regional tennessee 37415",0,0,0,1,"https://www.fidelity.com/branches/investor-center-chattanooga-regional-tennessee-37415","/investor-center-chattanooga-regional-tennessee-37415"
999,"investor center chestnut hill massachusetts 02467",0,0,0,1,"https://www.fidelity.com/branches/investor-center-chestnut-hill-massachusetts-02467","/investor-center-chestnut-hill-massachusetts-02467"
1000,"investor center colorado springs colorado 80908",0,0,0,1,"https://www.fidelity.com/branches/investor-center-colorado-springs-colorado-80908","/investor-center-colorado-springs-colorado-80908"
1001,"investor center coral gables florida 33134",0,0,0,1,"https://www.fidelity.com/branches/investor-center-coral-gables-florida-33134","/investor-center-coral-gables-florida-33134"
1002,"investor center deer park illinois 60010",0,0,0,1,"https://www.fidelity.com/branches/investor-center-deer-park-illinois-60010","/investor-center-deer-park-illinois-60010"
1003,"investor center durham north carolina 27713",0,0,0,1,"https://www.fidelity.com/branches/investor-center-durham-north-carolina-27713","/investor-center-durham-north-carolina-27713"
1004,"investor center farmington hills michigan 48334",0,0,0,1,"https://www.fidelity.com/branches/investor-center-farmington-hills-michigan-48334","/investor-center-farmington-hills-michigan-48334"
1005,"investor center fort collins colorado 80525",0,0,0,1,"https://www.fidelity.com/branches/investor-center-fort-collins-colorado-80525","/investor-center-fort-collins-colorado-80525"
1006,"investor center fort lauderdale florida 33301",0,0,0,1,"https://www.fidelity.com/branches/investor-center-fort-lauderdale-florida-33301","/investor-center-fort-lauderdale-florida-33301"
1007,"investor center fort myers florida 33912",0,0,0,1,"https://www.fidelity.com/branches/investor-center-fort-myers-florida-33912","/investor-center-fort-myers-florida-33912"
1008,"investor center friendswood texas texas 77546",0,0,0,1,"https://www.fidelity.com/branches/investor-center-friendswood-texas-texas-77546","/investor-center-friendswood-texas-texas-77546"
1009,"investor center ft worth texas 76107",0,0,0,1,"https://www.fidelity.com/branches/investor-center-ft-worth-texas-76107","/investor-center-ft-worth-texas-76107"
1010,"investor center glendale peoria arizona 85382",0,0,0,1,"https://www.fidelity.com/branches/investor-center-glendale-peoria-arizona-85382","/investor-center-glendale-peoria-arizona-85382"
1011,"investor center grand blanc michigan 48439",0,0,0,1,"https://www.fidelity.com/branches/investor-center-grand-blanc-michigan-48439","/investor-center-grand-blanc-michigan-48439"
1012,"investor center grand rapids michigan 49512",0,0,0,1,"https://www.fidelity.com/branches/investor-center-grand-rapids-michigan-49512","/investor-center-grand-rapids-michigan-49512"
1013,"investor center greensboro north carolina 27408",0,0,0,1,"https://www.fidelity.com/branches/investor-center-greensboro-north-carolina-27408","/investor-center-greensboro-north-carolina-27408"
1014,"investor center greenville south carolina 29601",0,0,0,1,"https://www.fidelity.com/branches/investor-center-greenville-south-carolina-29601","/investor-center-greenville-south-carolina-29601"
1015,"investor center highland park illinois 60035",0,0,0,1,"https://www.fidelity.com/branches/investor-center-highland-park-illinois-60035","/investor-center-highland-park-illinois-60035"
1016,"investor center huntersville north carolina 28078",0,0,0,1,"https://www.fidelity.com/branches/investor-center-huntersville-north-carolina-28078","/investor-center-huntersville-north-carolina-28078"
1017,"investor center johnson city tennessee 37604",0,0,0,1,"https://www.fidelity.com/branches/investor-center-johnson-city-tennessee-37604","/investor-center-johnson-city-tennessee-37604"
1018,"investor center little rock arkansas 72223",0,0,0,1,"https://www.fidelity.com/branches/investor-center-little-rock-arkansas-72223","/investor-center-little-rock-arkansas-72223"
1019,"investor center los gatos california 95030",0,0,0,1,"https://www.fidelity.com/branches/investor-center-los-gatos-california-95030","/investor-center-los-gatos-california-95030"
1020,"investor center madison middleton wisconsin 53562",0,0,0,1,"https://www.fidelity.com/branches/investor-center-madison-middleton-wisconsin-53562","/investor-center-madison-middleton-wisconsin-53562"
1021,"investor center manalapan new jersey 07726",0,0,0,1,"https://www.fidelity.com/branches/investor-center-manalapan-new-jersey-07726","/investor-center-manalapan-new-jersey-07726"
1022,"investor center marin larkspur california 94939",0,0,0,1,"https://www.fidelity.com/branches/investor-center-marin-larkspur-california-94939","/investor-center-marin-larkspur-california-94939"
1023,"investor center marlton new jersey 08053",0,0,0,1,"https://www.fidelity.com/branches/investor-center-marlton-new-jersey-08053","/investor-center-marlton-new-jersey-08053"
1024,"investor center memphis germantown tennessee 38138",0,0,0,1,"https://www.fidelity.com/branches/investor-center-memphis-germantown-tennessee-38138","/investor-center-memphis-germantown-tennessee-38138"
1025,"investor center millburn new jersey 07041",0,0,0,1,"https://www.fidelity.com/branches/investor-center-millburn-new-jersey-07041","/investor-center-millburn-new-jersey-07041"
1026,"investor center milwaukee brookfield wisconsin 53045",0,0,0,1,"https://www.fidelity.com/branches/investor-center-milwaukee-brookfield-wisconsin-53045","/investor-center-milwaukee-brookfield-wisconsin-53045"
1027,"investor center minneapolis edina minnesota 55435",0,0,0,1,"https://www.fidelity.com/branches/investor-center-minneapolis-edina-minnesota-55435","/investor-center-minneapolis-edina-minnesota-55435"
1028,"investor center mission viejo california 92691",0,0,0,1,"https://www.fidelity.com/branches/investor-center-mission-viejo-california-92691","/investor-center-mission-viejo-california-92691"
1029,"investor center morristown new jersey 07960",0,0,0,1,"https://www.fidelity.com/branches/investor-center-morristown-new-jersey-07960","/investor-center-morristown-new-jersey-07960"
1030,"investor center mountain view california 94040",0,0,0,1,"https://www.fidelity.com/branches/investor-center-mountain-view-california-94040","/investor-center-mountain-view-california-94040"
1031,"investor center nanuet new york 10954",0,0,0,1,"https://www.fidelity.com/branches/investor-center-nanuet-new-york-10954","/investor-center-nanuet-new-york-10954"
1032,"investor center nashua new hampshire 03060",0,0,0,1,"https://www.fidelity.com/branches/investor-center-nashua-new-hampshire-03060","/investor-center-nashua-new-hampshire-03060"
1033,"investor center nashville franklin tennessee 37067",0,0,0,1,"https://www.fidelity.com/branches/investor-center-nashville-franklin-tennessee-37067","/investor-center-nashville-franklin-tennessee-37067"
1034,"investor center new haven connecticut 06510",0,0,0,1,"https://www.fidelity.com/branches/investor-center-new-haven-connecticut-06510","/investor-center-new-haven-connecticut-06510"
1035,"investor center newport beach california 92660",0,0,0,1,"https://www.fidelity.com/branches/investor-center-newport-beach-california-92660","/investor-center-newport-beach-california-92660"
1036,"investor center oak brook illinois 60523",0,0,0,1,"https://www.fidelity.com/branches/investor-center-oak-brook-illinois-60523","/investor-center-oak-brook-illinois-60523"
1037,"investor center oklahoma city oklahoma 73116",0,0,0,1,"https://www.fidelity.com/branches/investor-center-oklahoma-city-oklahoma-73116","/investor-center-oklahoma-city-oklahoma-73116"
1038,"investor center orland park illinois 60462",0,0,0,1,"https://www.fidelity.com/branches/investor-center-orland-park-illinois-60462","/investor-center-orland-park-illinois-60462"
1039,"investor center palo alto california 94301",0,0,0,1,"https://www.fidelity.com/branches/investor-center-palo-alto-california-94301","/investor-center-palo-alto-california-94301"
1040,"investor center paramus new jersey 07652",0,0,0,1,"https://www.fidelity.com/branches/investor-center-paramus-new-jersey-07652","/investor-center-paramus-new-jersey-07652"
1041,"investor center plainview new york 11803",0,0,0,1,"https://www.fidelity.com/branches/investor-center-plainview-new-york-11803","/investor-center-plainview-new-york-11803"
1042,"investor center portsmouth new hampshire 03801",0,0,0,1,"https://www.fidelity.com/branches/investor-center-portsmouth-new-hampshire-03801","/investor-center-portsmouth-new-hampshire-03801"
1043,"investor center princeton new jersey 08540",0,0,0,1,"https://www.fidelity.com/branches/investor-center-princeton-new-jersey-08540","/investor-center-princeton-new-jersey-08540"
1044,"investor center providence rhode island 02903",0,0,0,1,"https://www.fidelity.com/branches/investor-center-providence-rhode-island-02903","/investor-center-providence-rhode-island-02903"
1045,"investor center raleigh north carolina 27612",0,0,0,1,"https://www.fidelity.com/branches/investor-center-raleigh-north-carolina-27612","/investor-center-raleigh-north-carolina-27612"
1046,"investor center rancho bernardo california 92127",0,0,0,1,"https://www.fidelity.com/branches/investor-center-rancho-bernardo-california-92127","/investor-center-rancho-bernardo-california-92127"
1047,"investor center rancho cucamonga california 91739",0,0,0,1,"https://www.fidelity.com/branches/investor-center-rancho-cucamonga-california-91739","/investor-center-rancho-cucamonga-california-91739"
1048,"investor center richmond south virginia 23113",0,0,0,1,"https://www.fidelity.com/branches/investor-center-richmond-south-virginia-23113","/investor-center-richmond-south-virginia-23113"
1049,"investor center rochester new york 14618",0,0,0,1,"https://www.fidelity.com/branches/investor-center-rochester-new-york-14618","/investor-center-rochester-new-york-14618"
1050,"investor center roslyn new york 11576",0,0,0,1,"https://www.fidelity.com/branches/investor-center-roslyn-new-york-11576","/investor-center-roslyn-new-york-11576"
1051,"investor center san antonio texas 78232",0,0,0,1,"https://www.fidelity.com/branches/investor-center-san-antonio-texas-78232","/investor-center-san-antonio-texas-78232"
1052,"investor center san diego california 92108",0,0,0,1,"https://www.fidelity.com/branches/investor-center-san-diego-california-92108","/investor-center-san-diego-california-92108"
1053,"investor center san francisco california 94104",0,0,0,1,"https://www.fidelity.com/branches/investor-center-san-francisco-california-94104","/investor-center-san-francisco-california-94104"
1054,"investor center santa barbara california 93105",0,0,0,1,"https://www.fidelity.com/branches/investor-center-santa-barbara-california-93105","/investor-center-santa-barbara-california-93105"
1055,"investor center santa monica california 90403",0,0,0,1,"https://www.fidelity.com/branches/investor-center-santa-monica-california-90403","/investor-center-santa-monica-california-90403"
1056,"investor center scarsdale new york 10583",0,0,0,1,"https://www.fidelity.com/branches/investor-center-scarsdale-new-york-10583","/investor-center-scarsdale-new-york-10583"
1057,"investor center seal beach california 90740",0,0,0,1,"https://www.fidelity.com/branches/investor-center-seal-beach-california-90740","/investor-center-seal-beach-california-90740"
1058,"investor center sonoma regional california 29464",0,0,0,1,"https://www.fidelity.com/branches/investor-center-sonoma-regional-california-29464","/investor-center-sonoma-regional-california-29464"
1059,"investor center south bend indiana 46617",0,0,0,1,"https://www.fidelity.com/branches/investor-center-south-bend-indiana-46617","/investor-center-south-bend-indiana-46617"
1060,"investor center sugar land texas 77478",0,0,0,1,"https://www.fidelity.com/branches/investor-center-sugar-land-texas-77478","/investor-center-sugar-land-texas-77478"
1061,"investor center the villages florida 32162",0,0,0,1,"https://www.fidelity.com/branches/investor-center-the-villages-florida-32162","/investor-center-the-villages-florida-32162"
1062,"investor center the woodlands texas 77380",0,0,0,1,"https://www.fidelity.com/branches/investor-center-the-woodlands-texas-77380","/investor-center-the-woodlands-texas-77380"
1063,"investor center thousand oaks california 91362",0,0,0,1,"https://www.fidelity.com/branches/investor-center-thousand-oaks-california-91362","/investor-center-thousand-oaks-california-91362"
1064,"investor center vancouver portland washington 98660",0,0,0,1,"https://www.fidelity.com/branches/investor-center-vancouver-portland-washington-98660","/investor-center-vancouver-portland-washington-98660"
1065,"investor center vero beach florida 32963",0,0,0,1,"https://www.fidelity.com/branches/investor-center-vero-beach-florida-32963","/investor-center-vero-beach-florida-32963"
1066,"investor center virginia beach virginia 23462",0,0,0,1,"https://www.fidelity.com/branches/investor-center-virginia-beach-virginia-23462","/investor-center-virginia-beach-virginia-23462"
1067,"investor center walnut creek california 94596",0,0,0,1,"https://www.fidelity.com/branches/investor-center-walnut-creek-california-94596","/investor-center-walnut-creek-california-94596"
1068,"investor center wayne new jersey 07470",0,0,0,1,"https://www.fidelity.com/branches/investor-center-wayne-new-jersey-07470","/investor-center-wayne-new-jersey-07470"
1069,"investor center west hartford connecticut 06107",0,0,0,1,"https://www.fidelity.com/branches/investor-center-west-hartford-connecticut-06107","/investor-center-west-hartford-connecticut-06107"
1070,"investor center wilmington greenville delaware 19807",0,0,0,1,"https://www.fidelity.com/branches/investor-center-wilmington-greenville-delaware-19807","/investor-center-wilmington-greenville-delaware-19807"
1071,"investor center winter park florida 32789",0,0,0,1,"https://www.fidelity.com/branches/investor-center-winter-park-florida-32789","/investor-center-winter-park-florida-32789"
1072,"budgeting for home renovations and improvements",0,0,0,1,"https://www.fidelity.com/learning-center/life-events/budgeting-for-home-renovations-and-improvements","/budgeting-for-home-renovations-and-improvements"
1073,"dental vision hearing insurance in retirement",0,0,0,1,"https://www.fidelity.com/learning-center/life-events/dental-vision-hearing-insurance-in-retirement","/dental-vision-hearing-insurance-in-retirement"
1074,"finances in divorce key terms defined",0,0,0,1,"https://www.fidelity.com/learning-center/life-events/finances-in-divorce-key-terms-defined","/finances-in-divorce-key-terms-defined"
1075,"how to be happy in retirement",0,0,0,1,"https://www.fidelity.com/learning-center/life-events/how-to-be-happy-in-retirement","/how-to-be-happy-in-retirement"
1076,"how to budget for a wedding",0,0,0,1,"https://www.fidelity.com/learning-center/life-events/how-to-budget-for-a-wedding","/how-to-budget-for-a-wedding"
1077,"how to shop for car loans",0,0,0,1,"https://www.fidelity.com/learning-center/life-events/how-to-shop-for-car-loans","/how-to-shop-for-car-loans"
1078,"insurance and estate planning after marriage",0,0,0,1,"https://www.fidelity.com/learning-center/life-events/insurance-and-estate-planning-after-marriage","/insurance-and-estate-planning-after-marriage"
1079,"old retirement plans options self employed",0,0,0,1,"https://www.fidelity.com/learning-center/life-events/old-retirement-plans-options-self-employed","/old-retirement-plans-options-self-employed"
1080,"should you combine finances after marriage",0,0,0,1,"https://www.fidelity.com/learning-center/life-events/should-you-combine-finances-after-marriage","/should-you-combine-finances-after-marriage"
1081,"backdoor roth and roth conversions explained",0,0,0,1,"https://www.fidelity.com/learning-center/money-unscripted/backdoor-roth-and-roth-conversions-explained","/backdoor-roth-and-roth-conversions-explained"
1082,"2026 midterm elections and your money",0,0,0,1,"https://www.fidelity.com/learning-center/personal-finance/2026-midterm-elections-and-your-money","/2026-midterm-elections-and-your-money"
1083,"4 moves when interest rates drop",0,0,0,1,"https://www.fidelity.com/learning-center/personal-finance/4-moves-when-interest-rates-drop","/4-moves-when-interest-rates-drop"
1084,"6 steps to maximize retirement savings",0,0,0,1,"https://www.fidelity.com/learning-center/personal-finance/6-steps-to-maximize-retirement-savings","/6-steps-to-maximize-retirement-savings"
1085,"best rewards credit card for you",0,0,0,1,"https://www.fidelity.com/learning-center/personal-finance/best-rewards-credit-card-for-you","/best-rewards-credit-card-for-you"
1086,"health insurance before and after retirement",0,0,0,1,"https://www.fidelity.com/learning-center/personal-finance/health-insurance-before-and-after-retirement","/health-insurance-before-and-after-retirement"
1087,"how to build credit at 18",0,0,0,1,"https://www.fidelity.com/learning-center/personal-finance/how-to-build-credit-at-18","/how-to-build-credit-at-18"
1088,"money mistakes with kids and teens",0,0,0,1,"https://www.fidelity.com/learning-center/personal-finance/money-mistakes-with-kids-and-teens","/money-mistakes-with-kids-and-teens"
1089,"power of compounding plus regular investing",0,0,0,1,"https://www.fidelity.com/learning-center/personal-finance/power-of-compounding-plus-regular-investing","/power-of-compounding-plus-regular-investing"
1090,"term life vs whole life insurance",0,0,0,1,"https://www.fidelity.com/learning-center/personal-finance/term-life-vs-whole-life-insurance","/term-life-vs-whole-life-insurance"
1091,"what you should know about investing",0,0,0,1,"https://www.fidelity.com/learning-center/personal-finance/what-you-should-know-about-investing","/what-you-should-know-about-investing"
1092,"how i paid off student loans%20",0,0,0,1,"https://www.fidelity.com/learning-center/smart-money/how-i-paid-off-student-loans%20","/how-i-paid-off-student-loans%20"
1093,"how much car can i afford",0,0,0,1,"https://www.fidelity.com/learning-center/smart-money/how-much-car-can-i-afford","/how-much-car-can-i-afford"
1094,"how to invest in index funds",0,0,0,1,"https://www.fidelity.com/learning-center/smart-money/how-to-invest-in-index-funds","/how-to-invest-in-index-funds"
1095,"how to pay off student loans",0,0,0,1,"https://www.fidelity.com/learning-center/smart-money/how-to-pay-off-student-loans","/how-to-pay-off-student-loans"
1096,"how to save money for kids",0,0,0,1,"https://www.fidelity.com/learning-center/smart-money/how-to-save-money-for-kids","/how-to-save-money-for-kids"
1097,"how to save money in college",0,0,0,1,"https://www.fidelity.com/learning-center/smart-money/how-to-save-money-in-college","/how-to-save-money-in-college"
1098,"what is a good credit score",0,0,0,1,"https://www.fidelity.com/learning-center/smart-money/what-is-a-good-credit-score","/what-is-a-good-credit-score"
1099,"using profit and loss calculator video",0,0,0,1,"https://www.fidelity.com/learning-center/tools-demos/research-tools/using-profit-and-loss-calculator-video","/using-profit-and-loss-calculator-video"
1100,"ccl crypto and iras 2026 vid",0,0,0,1,"https://www.fidelity.com/learning-center/trading-investing/crypto/ccl-crypto-and-iras-2026-vid","/ccl-crypto-and-iras-2026-vid"
1101,"ccl understanding crypto taxes 2026 vid",0,0,0,1,"https://www.fidelity.com/learning-center/trading-investing/crypto/ccl-understanding-crypto-taxes-2026-vid","/ccl-understanding-crypto-taxes-2026-vid"
1102,"how to add money 2025 vid",0,0,0,1,"https://www.fidelity.com/learning-center/trading-investing/crypto/how-to-add-money-2025-vid","/how-to-add-money-2025-vid"
1103,"how to transfer money crypto account",0,0,0,1,"https://www.fidelity.com/learning-center/trading-investing/crypto/how-to-transfer-money-crypto-account","/how-to-transfer-money-crypto-account"
1104,"dividends cash flow earnings discount models",0,0,0,1,"https://www.fidelity.com/learning-center/trading-investing/fundamental-analysis/dividends-cash-flow-earnings-discount-models","/dividends-cash-flow-earnings-discount-models"
1105,"how to invest in mutual funds",0,0,0,1,"https://www.fidelity.com/learning-center/trading-investing/how-to-invest-in-mutual-funds","/how-to-invest-in-mutual-funds"
1106,"how to invest in real estate",0,0,0,1,"https://www.fidelity.com/learning-center/trading-investing/how-to-invest-in-real-estate","/how-to-invest-in-real-estate"
1107,"3 effective strategies to building wealth",0,0,0,1,"https://www.fidelity.com/learning-center/wealth-management-insights/3-effective-strategies-to-building-wealth","/3-effective-strategies-to-building-wealth"
1108,"how to prepare for retirement video",0,0,0,1,"https://www.fidelity.com/learning-center/wealth-management-insights/how-to-prepare-for-retirement-video","/how-to-prepare-for-retirement-video"
1109,"roth conversion strategies for high earners",0,0,0,1,"https://www.fidelity.com/learning-center/wealth-management-insights/roth-conversion-strategies-for-high-earners","/roth-conversion-strategies-for-high-earners"
1110,"should you invest in artificial intelligence",0,0,0,1,"https://www.fidelity.com/learning-center/wealth-management-insights/should-you-invest-in-artificial-intelligence","/should-you-invest-in-artificial-intelligence"
1111,"strategies for investing in bonds video",0,0,0,1,"https://www.fidelity.com/learning-center/wealth-management-insights/strategies-for-investing-in-bonds-video","/strategies-for-investing-in-bonds-video"
1112,"using trusts to maximize salt deduction",0,0,0,1,"https://www.fidelity.com/learning-center/wealth-management-insights/using-trusts-to-maximize-salt-deduction","/using-trusts-to-maximize-salt-deduction"
1113,"what to do with inheritance money",0,0,0,1,"https://www.fidelity.com/learning-center/wealth-management-insights/what-to-do-with-inheritance-money","/what-to-do-with-inheritance-money"
1114,"how to max out your retirement",0,0,0,1,"https://www.fidelity.com/learning-center/women-talk-money/how-to-max-out-your-retirement","/how-to-max-out-your-retirement"
1115,"investing sustainable future with green bonds",0,0,0,1,"https://www.fidelity.com/mutual-funds/videos-podcasts/investing-sustainable-future-with-green-bonds","/investing-sustainable-future-with-green-bonds"
1116,"learn er markets sectors news analysis.shtml",0,0,0,1,"https://www.fidelity.com/quick-content/etf/help/research/learn_er_markets_sectors_news_analysis.shtml","/learn-er-markets-sectors-news-analysis.shtml"
1117,"how to get out of debt",0,0,0,1,"https://www.fidelity.com/viewpoints/financial-basics/how-to-get-out-of-debt","/how-to-get-out-of-debt"
1118,"3 keys the foundation of investing",0,0,0,1,"https://www.fidelity.com/viewpoints/investing-ideas/3-keys-the-foundation-of-investing","/3-keys-the-foundation-of-investing"
1119,"how much money should i save",0,0,0,1,"https://www.fidelity.com/viewpoints/retirement/how-much-money-should-i-save","/how-much-money-should-i-save"
1120,"death of a spouse and finances",0,0,0,1,"https://www.ameriprise.com/financial-goals-priorities/family-estate/death-of-a-spouse-and-finances","/death-of-a-spouse-and-finances"
1121,"how to invest in stock market",0,0,0,1,"https://www.ameriprise.com/financial-goals-priorities/investing/how-to-invest-in-stock-market","/how-to-invest-in-stock-market"
1122,"six keys to more successful investing",0,0,0,1,"https://www.ameriprise.com/financial-goals-priorities/investing/six-keys-to-more-successful-investing","/six-keys-to-more-successful-investing"
1123,"financial mistakes to avoid in retirement",0,0,0,1,"https://www.ameriprise.com/financial-goals-priorities/retirement/financial-mistakes-to-avoid-in-retirement","/financial-mistakes-to-avoid-in-retirement"
1124,"how to save more for retirement",0,0,0,1,"https://www.ameriprise.com/financial-goals-priorities/retirement/how-to-save-more-for-retirement","/how-to-save-more-for-retirement"
1125,"how to start saving for retirement",0,0,0,1,"https://www.ameriprise.com/financial-goals-priorities/retirement/how-to-start-saving-for-retirement","/how-to-start-saving-for-retirement"
1126,"state and local taxes salt deduction",0,0,0,1,"https://www.ameriprise.com/financial-goals-priorities/taxes/state-and-local-taxes-salt-deduction","/state-and-local-taxes-salt-deduction"
1127,"pension vs lump sum payout calculator",0,0,0,1,"https://www.ameriprise.com/financial-news-research/financial-calculators/pension-vs-lump-sum-payout-calculator","/pension-vs-lump-sum-payout-calculator"
1128,"conflict iran investor takeaways market impact",0,0,0,1,"https://www.ameriprise.com/financial-news-research/insights/conflict-iran-investor-takeaways-market-impact","/conflict-iran-investor-takeaways-market-impact"
1129,"midterm elections 2026 key investor takeaways",0,0,0,1,"https://www.ameriprise.com/financial-news-research/insights/midterm-elections-2026-key-investor-takeaways","/midterm-elections-2026-key-investor-takeaways"
1130,"online financial advising and digital tools",0,0,0,1,"https://www.ameriprise.com/financial-planning/working-with-financial-advisor/online-financial-advising-and-digital-tools","/online-financial-advising-and-digital-tools"
1131,"debt consolidation calculator",0,0,0,2,"http://www.calcxml.com/calculators/debt-consolidation-calculator","/debt-consolidation-calculator"
1132,"living in retirement",0,0,0,2,"https://www.tiaa.org/public/learn/retirement-planning-and-beyond/living-in-retirement","/living-in-retirement"
1133,"preparing for retirement",0,0,0,2,"https://www.tiaa.org/public/retire/services/preparing-for-retirement","/preparing-for-retirement"
1134,"how is federal withholding calculated",0,0,0,1,"https://www.paycheckcity.com/insights/how-is-federal-withholding-calculated","/how-is-federal-withholding-calculated"
1135,"three things about ppp loans",0,0,0,1,"https://www.paycheckcity.com/insights/three-things-about-ppp-loans","/three-things-about-ppp-loans"
1136,"how professional athletes are taxed",0,0,0,1,"https://www.paycheckcity.com/insights/how-professional-athletes-are-taxed","/how-professional-athletes-are-taxed"
1137,"a comparison of state withholdings",0,0,0,1,"https://www.paycheckcity.com/insights/a-comparison-of-state-withholdings","/a-comparison-of-state-withholdings"
1138,"what are self employment taxes",0,0,0,1,"https://www.paycheckcity.com/insights/what-are-self-employment-taxes","/what-are-self-employment-taxes"
1139,"calculators for kids press release",0,0,0,1,"https://www.paycheckcity.com/insights/calculators-for-kids-press-release","/calculators-for-kids-press-release"
1140,"your wages could increase soon",0,0,0,1,"https://www.paycheckcity.com/insights/your-wages-could-increase-soon","/your-wages-could-increase-soon"
1141,"all about arkansas taxes 2014",0,0,0,1,"https://www.paycheckcity.com/insights/all-about-arkansas-taxes-2014","/all-about-arkansas-taxes-2014"
1142,"all about louisiana taxes 2014",0,0,0,1,"https://www.paycheckcity.com/insights/all-about-louisiana-taxes-2014","/all-about-louisiana-taxes-2014"
1143,"connecticut state taxes for 2016",0,0,0,1,"https://www.paycheckcity.com/insights/connecticut-state-taxes-for-2016","/connecticut-state-taxes-for-2016"
1144,"your 2016 kentucky state taxes",0,0,0,1,"https://www.paycheckcity.com/insights/your-2016-kentucky-state-taxes","/your-2016-kentucky-state-taxes"
1145,"all about pennsylvania taxes 2015",0,0,0,1,"https://www.paycheckcity.com/insights/all-about-pennsylvania-taxes-2015","/all-about-pennsylvania-taxes-2015"
1146,"virginia withholding taxes for 2016",0,0,0,1,"https://www.paycheckcity.com/insights/virginia-withholding-taxes-for-2016","/virginia-withholding-taxes-for-2016"
1147,"all about oregon taxes 2014",0,0,0,1,"https://www.paycheckcity.com/insights/all-about-oregon-taxes-2014","/all-about-oregon-taxes-2014"
1148,"all about kansas taxes 2014",0,0,0,1,"https://www.paycheckcity.com/insights/all-about-kansas-taxes-2014","/all-about-kansas-taxes-2014"
1149,"how are lottery winnings taxed",0,0,0,1,"https://www.paycheckcity.com/insights/how-are-lottery-winnings-taxed-","/how-are-lottery-winnings-taxed"
1150,"all about iowa taxes 2014",0,0,0,1,"https://www.paycheckcity.com/insights/all-about-iowa-taxes-2014","/all-about-iowa-taxes-2014"
1151,"all about kentucky taxes 2015",0,0,0,1,"https://www.paycheckcity.com/insights/all-about-kentucky-taxes-2015","/all-about-kentucky-taxes-2015"
1152,"all about hawaii taxes 2015",0,0,0,1,"https://www.paycheckcity.com/insights/all-about-hawaii-taxes-2015","/all-about-hawaii-taxes-2015"
1153,"all about florida taxes 2015",0,0,0,1,"https://www.paycheckcity.com/insights/all-about-florida-taxes-2015","/all-about-florida-taxes-2015"
1154,"pay down debt or invest",0,0,0,1,"http://www.calcxml.com/calculators/pay-down-debt-or-invest","/pay-down-debt-or-invest"
1155,"pay off debt or invest",0,0,0,1,"http://www.calcxml.com/calculators/pay-off-debt-or-invest","/pay-off-debt-or-invest"
1156,"savings goal calculator how much",0,0,0,1,"http://www.calcxml.com/calculators/savings-goal-calculator-how-much","/savings-goal-calculator-how-much"
1157,"auto refinance calculator new term",0,0,0,1,"http://www.calcxml.com/calculators/auto-refinance-calculator-new-term","/auto-refinance-calculator-new-term"
1158,"seed calculator by lineal feet",0,0,0,1,"http://www.calcxml.com/calculators/seed-calculator-by-lineal-feet?skn=404","/seed-calculator-by-lineal-feet"
1159,"retirement plans for small business",0,0,0,1,"https://www.tiaa.org/public/retire/financial-products/retirement-plans/retirement-plans-for-small-business","/retirement-plans-for-small-business"
1160,"career transition guide retirement planning",0,0,0,1,"https://www.tiaa.org/public/retire/life-essentials/career-transition-guide-retirement-planning","/career-transition-guide-retirement-planning"
1161,"protect savings diversification rebalancing investing",0,0,0,1,"https://www.tiaa.org/public/invest/services/wealth-management/perspectives/protect-savings-diversification-rebalancing-investing","/protect-savings-diversification-rebalancing-investing"
1162,"starting a business in retirement",0,0,0,1,"https://www.tiaa.org/public/invest/services/wealth-management/perspectives/starting-a-business-in-retirement","/starting-a-business-in-retirement"
1163,"retirement planning post secure act",0,0,0,1,"https://www.tiaa.org/public/invest/services/wealth-management/perspectives/retirement-planning-post-secure-act","/retirement-planning-post-secure-act"
1164,"keeping retirement strategy on track",0,0,0,1,"https://www.tiaa.org/public/invest/services/wealth-management/perspectives/keeping-retirement-strategy-on-track","/keeping-retirement-strategy-on-track"
1165,"returning to work after retirement",0,0,0,1,"https://www.tiaa.org/public/invest/services/wealth-management/perspectives/returning-to-work-after-retirement","/returning-to-work-after-retirement"
1166,"protect finances from natural disasters",0,0,0,1,"https://www.tiaa.org/public/invest/services/wealth-management/perspectives/protect-finances-from-natural-disasters","/protect-finances-from-natural-disasters"
1167,"pre retirement checkup advisor conversations",0,0,0,1,"https://www.tiaa.org/public/invest/services/wealth-management/perspectives/pre-retirement-checkup-advisor-conversations","/pre-retirement-checkup-advisor-conversations"
1168,"understanding longevity risk in retirement",0,0,0,1,"https://www.tiaa.org/public/learn/lifetime-income/understanding-longevity-risk-in-retirement","/understanding-longevity-risk-in-retirement"
1169,"value of retirement plan advice",0,0,0,1,"https://www.tiaa.org/public/learn/financial-education/value-of-retirement-plan-advice","/value-of-retirement-plan-advice"
1170,"market volatility and retirement savings",0,0,0,1,"https://www.tiaa.org/public/learn/financial-education/market-volatility-and-retirement-savings","/market-volatility-and-retirement-savings"
1171,"6 debt myths to avoid",0,0,0,1,"https://www.tiaa.org/public/learn/financial-essentials/6-debt-myths-to-avoid","/6-debt-myths-to-avoid"
1172,"plan sponsor retirement survey results",0,0,0,1,"https://www.tiaa.org/public/plansponsors/insights/thought-leadership/plan-sponsor-retirement-survey-results","/plan-sponsor-retirement-survey-results"
1173,"engaging gen z retirement savings",0,0,0,1,"https://www.tiaa.org/public/plansponsors/insights/thought-leadership/retirement-industry-trends/engaging-gen-z-retirement-savings","/engaging-gen-z-retirement-savings"
1174,"general account investing in 2025",0,0,0,1,"https://www.tiaa.org/public/plansponsors/insights/thought-leadership/general-account-investing-in-2025","/general-account-investing-in-2025"
1175,"general account investing in alternatives",0,0,0,1,"https://www.tiaa.org/public/plansponsors/insights/thought-leadership/general-account-investing-in-alternatives","/general-account-investing-in-alternatives"
1176,"general account investing in 2026",0,0,0,1,"https://www.tiaa.org/public/plansponsors/insights/thought-leadership/general-account-investing-in-2026","/general-account-investing-in-2026"
1177,"secure act 2 retirement changes",0,0,0,1,"https://www.tiaa.org/public/plansponsors/insights/tmrw/edition-1/secure-act-2-retirement-changes","/secure-act-2-retirement-changes"
1178,"retirement readiness and your longevity",0,0,0,1,"https://www.tiaa.org/public/plansponsors/insights/tmrw/edition-3/retirement-readiness-and-your-longevity","/retirement-readiness-and-your-longevity"
1179,"global shift hybrid retirement systems",0,0,0,1,"https://www.tiaa.org/public/plansponsors/insights/tmrw/edition-4/global-shift-hybrid-retirement-systems","/global-shift-hybrid-retirement-systems"
1180,"retirement industry challenges jim mullery",0,0,0,1,"https://www.tiaa.org/public/plansponsors/insights/tmrw/edition-5/retirement-industry-challenges-jim-mullery","/retirement-industry-challenges-jim-mullery"
1181,"ask consultant retirement total benefits",0,0,0,1,"https://www.tiaa.org/public/plansponsors/insights/tmrw/edition-5/ask-consultant-retirement-total-benefits","/ask-consultant-retirement-total-benefits"
1182,"alternative assets dc retirement plans",0,0,0,1,"https://www.tiaa.org/public/plansponsors/insights/tmrw/edition-6/alternative-assets-dc-retirement-plans","/alternative-assets-dc-retirement-plans"
1183,"investing distant goal optimal asset",0,0,0,1,"https://www.tiaa.org/public/institute/publication/1998/investing-distant-goal-optimal-asset","/investing-distant-goal-optimal-asset"
1184,"coming age academia study retired",0,0,0,1,"https://www.tiaa.org/public/institute/publication/1999/coming-age-academia-study-retired","/coming-age-academia-study-retired"
1185,"retirement patterns and annuitization decisions",0,0,0,1,"https://www.tiaa.org/public/institute/publication/1999/retirement-patterns-and-annuitization-decisions","/retirement-patterns-and-annuitization-decisions"
1186,"faculty retirement policies after end",0,0,0,1,"https://www.tiaa.org/public/institute/publication/2001/faculty-retirement-policies-after-end","/faculty-retirement-policies-after-end"
1187,"saving college comparison section 529",0,0,0,1,"https://www.tiaa.org/public/institute/publication/2001/saving-college-comparison-section-529","/saving-college-comparison-section-529"
1188,"faculty retirement decision financial and",0,0,0,1,"https://www.tiaa.org/public/institute/publication/2004/faculty-retirement-decision-financial-and","/faculty-retirement-decision-financial-and"
1189,"faculty retirement incentives colleges and",0,0,0,1,"https://www.tiaa.org/public/institute/publication/2004/faculty-retirement-incentives-colleges-and","/faculty-retirement-incentives-colleges-and"
1190,"impact retiree health plans faculty",0,0,0,1,"https://www.tiaa.org/public/institute/publication/2004/impact-retiree-health-plans-faculty","/impact-retiree-health-plans-faculty"
1191,"do people save enough retirement",0,0,0,1,"https://www.tiaa.org/public/institute/publication/2005/do-people-save-enough-retirement","/do-people-save-enough-retirement"
1192,"enhancing retirement savings outcomes employer",0,0,0,1,"https://www.tiaa.org/public/institute/publication/2005/enhancing-retirement-savings-outcomes-employer","/enhancing-retirement-savings-outcomes-employer"
1193,"measuring social securitys financial outlook",0,0,0,1,"https://www.tiaa.org/public/institute/publication/2005/measuring-social-securitys-financial-outlook","/measuring-social-securitys-financial-outlook"
1194,"reforming retiree benefits recent changes",0,0,0,1,"https://www.tiaa.org/public/institute/publication/2006/reforming-retiree-benefits-recent-changes","/reforming-retiree-benefits-recent-changes"
1195,"early retiree health insurance issues",0,0,0,1,"https://www.tiaa.org/public/institute/publication/2007/early-retiree-health-insurance-issues","/early-retiree-health-insurance-issues"
1196,"student access and strategic pricing",0,0,0,1,"https://www.tiaa.org/public/institute/publication/2008/student-access-and-strategic-pricing","/student-access-and-strategic-pricing"
1197,"understanding risk taking retirement savings",0,0,0,1,"https://www.tiaa.org/public/institute/publication/2008/understanding-risk-taking-retirement-savings","/understanding-risk-taking-retirement-savings"
1198,"new roth conversion opportunities converting",0,0,0,1,"https://www.tiaa.org/public/institute/publication/2009/new-roth-conversion-opportunities-converting","/new-roth-conversion-opportunities-converting"
1199,"retirement savers respond market meltdown",0,0,0,1,"https://www.tiaa.org/public/institute/publication/2009/retirement-savers-respond-market-meltdown","/retirement-savers-respond-market-meltdown"
1200,"staying path secure retirement using",0,0,0,1,"https://www.tiaa.org/public/institute/publication/2009/staying-path-secure-retirement-using","/staying-path-secure-retirement-using"
1201,"accreditation best practices and implications",0,0,0,1,"https://www.tiaa.org/public/institute/publication/2010/accreditation-best-practices-and-implications","/accreditation-best-practices-and-implications"
1202,"do universities generate agglomeration spillovers",0,0,0,1,"https://www.tiaa.org/public/institute/publication/2010/do-universities-generate-agglomeration-spillovers","/do-universities-generate-agglomeration-spillovers"
1203,"responsible investing and corporate governance",0,0,0,1,"https://www.tiaa.org/public/institute/publication/2010/responsible-investing-and-corporate-governance","/responsible-investing-and-corporate-governance"
1204,"retirees annuitization and defined contribution",0,0,0,1,"https://www.tiaa.org/public/institute/publication/2010/retirees-annuitization-and-defined-contribution","/retirees-annuitization-and-defined-contribution"
1205,"retirement confidence campus 2010 higher",0,0,0,1,"https://www.tiaa.org/public/institute/publication/2010/retirement-confidence-campus-2010-higher","/retirement-confidence-campus-2010-higher"
1206,"early retirement dawn new era",0,0,0,1,"https://www.tiaa.org/public/institute/publication/2011/early-retirement-dawn-new-era","/early-retirement-dawn-new-era"
1207,"misconceptions about health insurance markets",0,0,0,1,"https://www.tiaa.org/public/institute/publication/2011/misconceptions-about-health-insurance-markets","/misconceptions-about-health-insurance-markets"
1208,"motivating reluctant retirees higher education",0,0,0,1,"https://www.tiaa.org/public/institute/publication/2011/motivating-reluctant-retirees-higher-education","/motivating-reluctant-retirees-higher-education"
1209,"redesigning retirement plans r21 principles",0,0,0,1,"https://www.tiaa.org/public/institute/publication/2011/redesigning-retirement-plans-r21-principles","/redesigning-retirement-plans-r21-principles"
1210,"rethinking defined contribution retirement plan",0,0,0,1,"https://www.tiaa.org/public/institute/publication/2011/rethinking-defined-contribution-retirement-plan","/rethinking-defined-contribution-retirement-plan"
1211,"retirement confidence among hospital employees",0,0,0,1,"https://www.tiaa.org/public/institute/publication/2011/retirement-confidence-among-hospital-employees","/retirement-confidence-among-hospital-employees"
1212,"retirement confidence campus 2011 higher",0,0,0,1,"https://www.tiaa.org/public/institute/publication/2011/retirement-confidence-campus-2011-higher","/retirement-confidence-campus-2011-higher"
1213,"promoting workplace longevity and desirable",0,0,0,1,"https://www.tiaa.org/public/institute/publication/2012/promoting-workplace-longevity-and-desirable","/promoting-workplace-longevity-and-desirable"
1214,"understanding role variable and investment",0,0,0,1,"https://www.tiaa.org/public/institute/publication/2012/understanding-role-variable-and-investment","/understanding-role-variable-and-investment"
1215,"strategic utilization adjunct and other",0,0,0,1,"https://www.tiaa.org/public/institute/publication/2014/strategic-utilization-adjunct-and-other","/strategic-utilization-adjunct-and-other"
1216,"how retirees manage retirement savings",0,0,0,1,"https://www.tiaa.org/public/institute/publication/2015/how-retirees-manage-retirement-savings","/how-retirees-manage-retirement-savings"
1217,"understanding faculty retirement non decision",0,0,0,1,"https://www.tiaa.org/public/institute/publication/2015/understanding-faculty-retirement-non-decision","/understanding-faculty-retirement-non-decision"
1218,"cost savings or cost shifting",0,0,0,1,"https://www.tiaa.org/public/institute/publication/2016/cost-savings-or-cost-shifting","/cost-savings-or-cost-shifting"
1219,"reluctant retirees and managing change",0,0,0,1,"https://www.tiaa.org/public/institute/publication/2016/reluctant-retirees-and-managing-change","/reluctant-retirees-and-managing-change"
1220,"retirement saving multi plan environment",0,0,0,1,"https://www.tiaa.org/public/institute/publication/2017/retirement-saving-multi-plan-environment","/retirement-saving-multi-plan-environment"
1221,"mechanisms behind retirement saving behavior",0,0,0,1,"https://www.tiaa.org/public/institute/publication/2018/mechanisms-behind-retirement-saving-behavior","/mechanisms-behind-retirement-saving-behavior"
1222,"understanding debt among older population",0,0,0,1,"https://www.tiaa.org/public/institute/publication/2020/understanding-debt-among-older-population","/understanding-debt-among-older-population"
1223,"faculty retirement and covid 19",0,0,0,1,"https://www.tiaa.org/public/institute/publication/2021/faculty-retirement-and-covid-19","/faculty-retirement-and-covid-19"
1224,"financial literacy and retirement fluency",0,0,0,1,"https://www.tiaa.org/public/institute/publication/2024/financial-literacy-and-retirement-fluency","/financial-literacy-and-retirement-fluency"
1225,"modern parenting impact on retirement",0,0,0,1,"https://www.tiaa.org/public/institute/publication/2025/modern-parenting-impact-on-retirement","/modern-parenting-impact-on-retirement"
1226,"longevity expectations and retirement readiness",0,0,0,1,"https://www.tiaa.org/public/institute/publication/2026/longevity-expectations-and-retirement-readiness","/longevity-expectations-and-retirement-readiness"
1227,"millennial workers years in retirement",0,0,0,1,"https://www.tiaa.org/public/institute/about/news/millennial-workers-years-in-retirement","/millennial-workers-years-in-retirement"
1228,"managing retirement patterns higher education",0,0,0,1,"https://www.tiaa.org/public/institute/managing-retirement-patterns-higher-education","/managing-retirement-patterns-higher-education"
1229,"learn about required minimum distributions",0,0,0,1,"https://www.tiaa.org/public/transitioners/learn-about-required-minimum-distributions","/learn-about-required-minimum-distributions"
1230,"the american retirement crisis solutions",0,0,0,1,"https://www.tiaa.org/public/plansponsors/insights/tmrw/edition-4/the-american-retirement-crisis-solutions","/the-american-retirement-crisis-solutions"
1231,"finance leaders exchange collegiate athletics",0,0,0,1,"https://www.tiaa.org/public/b2b/thought-leadership/finance-leaders-exchange-collegiate-athletics","/finance-leaders-exchange-collegiate-athletics"
1232,"retirement planning spring cleaning checklist",0,0,0,1,"https://www.tiaa.org/public/learn/retirement-planning-spring-cleaning-checklist","/retirement-planning-spring-cleaning-checklist"
1233,"trade war ai investment perspective",0,0,0,1,"https://www.tiaa.org/public/invest/services/wealth-management/perspectives/trade-war-ai-investment-perspective","/trade-war-ai-investment-perspective"
1234,"small business retirement plans primer",0,0,0,1,"https://www.tiaa.org/public/institute/publication/2026/small-business-retirement-plans-primer","/small-business-retirement-plans-primer"
1235,"tiaa institute retiree savings survey",0,0,0,1,"https://www.tiaa.org/public/institute/about/news/tiaa-institute-retiree-savings-survey","/tiaa-institute-retiree-savings-survey"
1236,"tiaa gflec personal finance index",0,0,0,1,"https://www.tiaa.org/public/institute/publication/2026/tiaa-gflec-personal-finance-index","/tiaa-gflec-personal-finance-index"
1237,"job changing retirement savings options",0,0,0,1,"https://www.tiaa.org/public/learn/prepare-unexpected/changing-jobs/job-changing-retirement-savings-options","/job-changing-retirement-savings-options"
1238,"annual financial checklist for retirement",0,0,0,1,"https://www.tiaa.org/public/learn/retirement-planning-and-beyond/living-in-retirement/articles/annual-financial-checklist-for-retirement","/annual-financial-checklist-for-retirement"
1239,"ideas for a fulfilling retirement",0,0,0,1,"https://www.tiaa.org/public/learn/retirement-planning-and-beyond/living-in-retirement/ideas-for-a-fulfilling-retirement","/ideas-for-a-fulfilling-retirement"
1240,"retirement planning in 6 steps",0,0,0,1,"https://www.tiaa.org/public/learn/retirement-planning-and-beyond/managing-your-money/retirement-planning-in-6-steps","/retirement-planning-in-6-steps"
1241,"want to relocate in retirement",0,0,0,1,"https://www.tiaa.org/public/learn/retirement-planning-and-beyond/want-to-relocate-in-retirement","/want-to-relocate-in-retirement"
1242,"nurses educational toolkit financial vitals",0,0,0,1,"https://www.tiaa.org/public/land/nurses-educational-toolkit-financial-vitals","/nurses-educational-toolkit-financial-vitals"
1243,"how do savings accounts work",0,0,0,1,"https://www.tiaa.org/public/learn/personal-finance-101/how-do-savings-accounts-work","/how-do-savings-accounts-work"
1244,"your career and your money",0,0,0,1,"https://www.tiaa.org/public/learn/prepare-unexpected/your-career-and-your-money","/your-career-and-your-money"
1245,"borrowing from your retirement account",0,0,0,1,"https://www.tiaa.org/public/learn/retirement-planning-and-beyond/borrowing-from-your-retirement-account","/borrowing-from-your-retirement-account"
1246,"lifecycle funds simplify retirement investing",0,0,0,1,"https://www.tiaa.org/public/learn/retirement-planning-and-beyond/investing-101/lifecycle-funds-simplify-retirement-investing","/lifecycle-funds-simplify-retirement-investing"
1247,"practice finance medical dental loans",0,0,0,1,"https://www.wellsfargo.com/biz/practice-finance-medical-dental-loans/","/practice-finance-medical-dental-loans"
1248,"equipment finance q and a",0,0,0,1,"https://www.wellsfargo.com/com/careers/equipment-finance-q-and-a/","/equipment-finance-q-and-a"
1249,"channel finance versus open account",0,0,0,1,"https://www.wellsfargo.com/com/insights/channel-finance-versus-open-account/","/channel-finance-versus-open-account"
1250,"source company first credit facility",0,0,0,1,"https://www.wellsfargo.com/com/insights/source-company-first-credit-facility/","/source-company-first-credit-facility"
1251,"renewable energy and environmental finance",0,0,0,1,"https://www.wellsfargo.com/com/solutions/renewable-energy-and-environmental-finance/","/renewable-energy-and-environmental-finance"
1252,"why so many credit scores",0,0,0,1,"https://www.wellsfargo.com/es/goals-credit/smarter-credit/credit-101/why-so-many-credit-scores/","/why-so-many-credit-scores"
1253,"new homeowners guide property taxes",0,0,0,1,"https://www.wellsfargo.com/mortgage/learn/new-homeowners-guide-property-taxes/","/new-homeowners-guide-property-taxes"
1254,"investor center alexandria virginia 22314",0,0,0,1,"https://www.fidelity.com/branches/investor-center-alexandria-virginia-22314","/investor-center-alexandria-virginia-22314"
1255,"investor center annapolis maryland 21401",0,0,0,1,"https://www.fidelity.com/branches/investor-center-annapolis-maryland-21401","/investor-center-annapolis-maryland-21401"
1256,"investor center arlington virginia 22203",0,0,0,1,"https://www.fidelity.com/branches/investor-center-arlington-virginia-22203","/investor-center-arlington-virginia-22203"
1257,"investor center ashburn virginia 20147",0,0,0,1,"https://www.fidelity.com/branches/investor-center-ashburn-virginia-20147","/investor-center-ashburn-virginia-20147"
1258,"investor center bellevue washington 98004",0,0,0,1,"https://www.fidelity.com/branches/investor-center-bellevue-washington-98004","/investor-center-bellevue-washington-98004"
1259,"investor center berkeley california 94704",0,0,0,1,"https://www.fidelity.com/branches/investor-center-berkeley-california-94704","/investor-center-berkeley-california-94704"
1260,"investor center bethesda maryland 20814",0,0,0,1,"https://www.fidelity.com/branches/investor-center-bethesda-maryland-20814","/investor-center-bethesda-maryland-20814"
1261,"investor center birmingham alabama 35243",0,0,0,1,"https://www.fidelity.com/branches/investor-center-birmingham-alabama-35243","/investor-center-birmingham-alabama-35243"
1262,"investor center broomfield colorado 80021",0,0,0,1,"https://www.fidelity.com/branches/investor-center-broomfield-colorado-80021","/investor-center-broomfield-colorado-80021"
1263,"investor center burbank california 91505",0,0,0,1,"https://www.fidelity.com/branches/investor-center-burbank-california-91505","/investor-center-burbank-california-91505"
1264,"investor center burlingame california 94010",0,0,0,1,"https://www.fidelity.com/branches/investor-center-burlingame-california-94010","/investor-center-burlingame-california-94010"
1265,"investor center burlington massachusetts 01803",0,0,0,1,"https://www.fidelity.com/branches/investor-center-burlington-massachusetts-01803","/investor-center-burlington-massachusetts-01803"
1266,"investor center cambridge massachusetts 02142",0,0,0,1,"https://www.fidelity.com/branches/investor-center-cambridge-massachusetts-02142","/investor-center-cambridge-massachusetts-02142"
1267,"investor center carmel indiana 46032",0,0,0,1,"https://www.fidelity.com/branches/investor-center-carmel-indiana-46032","/investor-center-carmel-indiana-46032"
1268,"investor center chandler arizona 85226",0,0,0,1,"https://www.fidelity.com/branches/investor-center-chandler-arizona-85226","/investor-center-chandler-arizona-85226"
1269,"investor center chesterfield missouri 63017",0,0,0,1,"https://www.fidelity.com/branches/investor-center-chesterfield-missouri-63017","/investor-center-chesterfield-missouri-63017"
1270,"investor center cincinnati ohio 45209",0,0,0,1,"https://www.fidelity.com/branches/investor-center-cincinnati-ohio-45209","/investor-center-cincinnati-ohio-45209"
1271,"investor center clearwater florida 33761",0,0,0,1,"https://www.fidelity.com/branches/investor-center-clearwater-florida-33761","/investor-center-clearwater-florida-33761"
1272,"investor center columbia maryland 21044",0,0,0,1,"https://www.fidelity.com/branches/investor-center-columbia-maryland-21044","/investor-center-columbia-maryland-21044"
1273,"investor center columbus ohio 43240",0,0,0,1,"https://www.fidelity.com/branches/investor-center-columbus-ohio-43240","/investor-center-columbus-ohio-43240"
1274,"investor center dallas texas 75225",0,0,0,1,"https://www.fidelity.com/branches/investor-center-dallas-texas-75225","/investor-center-dallas-texas-75225"
1275,"investor center danvers massachusetts 01923",0,0,0,1,"https://www.fidelity.com/branches/investor-center-danvers-massachusetts-01923","/investor-center-danvers-massachusetts-01923"
1276,"investor center dayton ohio 45440",0,0,0,1,"https://www.fidelity.com/branches/investor-center-dayton-ohio-45440","/investor-center-dayton-ohio-45440"
1277,"investor center dublin california 94568",0,0,0,1,"https://www.fidelity.com/branches/investor-center-dublin-california-94568","/investor-center-dublin-california-94568"
1278,"investor center eagle idaho 83616",0,0,0,1,"https://www.fidelity.com/branches/investor-center-eagle-idaho-83616","/investor-center-eagle-idaho-83616"
1279,"investor center elsegundo california 90245",0,0,0,1,"https://www.fidelity.com/branches/investor-center-elsegundo-california-90245","/investor-center-elsegundo-california-90245"
1280,"investor center evanston illinois 60201",0,0,0,1,"https://www.fidelity.com/branches/investor-center-evanston-illinois-60201","/investor-center-evanston-illinois-60201"
1281,"investor center exton pa 19341",0,0,0,1,"https://www.fidelity.com/branches/investor-center-exton-pa-19341","/investor-center-exton-pa-19341"
1282,"investor center fairfield connecticut 06824",0,0,0,1,"https://www.fidelity.com/branches/investor-center-fairfield-connecticut-06824","/investor-center-fairfield-connecticut-06824"
1283,"investor center fairlawn ohio 44333",0,0,0,1,"https://www.fidelity.com/branches/investor-center-fairlawn-ohio-44333","/investor-center-fairlawn-ohio-44333"
1284,"investor center folsom california 95630",0,0,0,1,"https://www.fidelity.com/branches/investor-center-folsom-california-95630","/investor-center-folsom-california-95630"
1285,"investor center framingham massachusetts 01701",0,0,0,1,"https://www.fidelity.com/branches/investor-center-framingham-massachusetts-01701","/investor-center-framingham-massachusetts-01701"
1286,"investor center gilbert arizona 85295",0,0,0,1,"https://www.fidelity.com/branches/investor-center-gilbert-arizona-85295","/investor-center-gilbert-arizona-85295"
1287,"investor center greenwich connecticut 06830",0,0,0,1,"https://www.fidelity.com/branches/investor-center-greenwich-connecticut-06830","/investor-center-greenwich-connecticut-06830"
1288,"investor center henderson nevada 89052",0,0,0,1,"https://www.fidelity.com/branches/investor-center-henderson-nevada-89052","/investor-center-henderson-nevada-89052"
1289,"investor center hingham massachusetts 02043",0,0,0,1,"https://www.fidelity.com/branches/investor-center-hingham-massachusetts-02043","/investor-center-hingham-massachusetts-02043"
1290,"investor center indianapolis indiana 46240",0,0,0,1,"https://www.fidelity.com/branches/investor-center-indianapolis-indiana-46240","/investor-center-indianapolis-indiana-46240"
1291,"investor center jacksonville florida 32246",0,0,0,1,"https://www.fidelity.com/branches/investor-center-jacksonville-florida-32246","/investor-center-jacksonville-florida-32246"
1292,"investor center katy texas 77494",0,0,0,1,"https://www.fidelity.com/branches/investor-center-katy-texas-77494","/investor-center-katy-texas-77494"
1293,"investor center knoxville tennessee 37934",0,0,0,1,"https://www.fidelity.com/branches/investor-center-knoxville-tennessee-37934","/investor-center-knoxville-tennessee-37934"
1294,"investor center lehi utah 84048",0,0,0,1,"https://www.fidelity.com/branches/investor-center-lehi-utah-84048","/investor-center-lehi-utah-84048"
1295,"investor center lexington kentucky 40503",0,0,0,1,"https://www.fidelity.com/branches/investor-center-lexington-kentucky-40503","/investor-center-lexington-kentucky-40503"
1296,"investor center littleton massachusetts 01460",0,0,0,1,"https://www.fidelity.com/branches/investor-center-littleton-massachusetts-01460","/investor-center-littleton-massachusetts-01460"
1297,"investor center louisville kentucky 40222",0,0,0,1,"https://www.fidelity.com/branches/investor-center-louisville-kentucky-40222","/investor-center-louisville-kentucky-40222"
1298,"investor center lynnwood washington 98036",0,0,0,1,"https://www.fidelity.com/branches/investor-center-lynnwood-washington-98036","/investor-center-lynnwood-washington-98036"
1299,"investor center minnetonka minnesota 55305",0,0,0,1,"https://www.fidelity.com/branches/investor-center-minnetonka-minnesota-55305","/investor-center-minnetonka-minnesota-55305"
1300,"investor center monterey california 93940",0,0,0,1,"https://www.fidelity.com/branches/investor-center-monterey-california-93940","/investor-center-monterey-california-93940"
1301,"investor center naperville illinois 60540",0,0,0,1,"https://www.fidelity.com/branches/investor-center-naperville-illinois-60540","/investor-center-naperville-illinois-60540"
1302,"investor center novi michigan 48375",0,0,0,1,"https://www.fidelity.com/branches/investor-center-novi-michigan-48375","/investor-center-novi-michigan-48375"
1303,"investor center oakdale minnesota 55128",0,0,0,1,"https://www.fidelity.com/branches/investor-center-oakdale-minnesota-55128","/investor-center-oakdale-minnesota-55128"
1304,"investor center pasadena california 91101",0,0,0,1,"https://www.fidelity.com/branches/investor-center-pasadena-california-91101","/investor-center-pasadena-california-91101"
1305,"investor center philadelphia pennsylvania 19103",0,0,0,1,"https://www.fidelity.com/branches/investor-center-philadelphia-pennsylvania-19103","/investor-center-philadelphia-pennsylvania-19103"
1306,"investor center plano texas 75024",0,0,0,1,"https://www.fidelity.com/branches/investor-center-plano-texas-75024","/investor-center-plano-texas-75024"
1307,"investor center portland maine 04101",0,0,0,1,"https://www.fidelity.com/branches/investor-center-portland-maine-04101","/investor-center-portland-maine-04101"
1308,"investor center redmond washington 98052",0,0,0,1,"https://www.fidelity.com/branches/investor-center-redmond-washington-98052","/investor-center-redmond-washington-98052"
1309,"investor center reno nevada 89511",0,0,0,1,"https://www.fidelity.com/branches/investor-center-reno-nevada-89511","/investor-center-reno-nevada-89511"
1310,"investor center reston virginia 20190",0,0,0,1,"https://www.fidelity.com/branches/investor-center-reston-virginia-20190","/investor-center-reston-virginia-20190"
1311,"investor center rockville maryland 20850",0,0,0,1,"https://www.fidelity.com/branches/investor-center-rockville-maryland-20850","/investor-center-rockville-maryland-20850"
1312,"investor center roseville california 95678",0,0,0,1,"https://www.fidelity.com/branches/investor-center-roseville-california-95678","/investor-center-roseville-california-95678"
1313,"investor center sacramento california 95825",0,0,0,1,"https://www.fidelity.com/branches/investor-center-sacramento-california-95825","/investor-center-sacramento-california-95825"
1314,"investor center sarasota florida 34243",0,0,0,1,"https://www.fidelity.com/branches/investor-center-sarasota-florida-34243","/investor-center-sarasota-florida-34243"
1315,"investor center schaumburg illinois 60173",0,0,0,1,"https://www.fidelity.com/branches/investor-center-schaumburg-illinois-60173","/investor-center-schaumburg-illinois-60173"
1316,"investor center scottsdale arizona 85254",0,0,0,1,"https://www.fidelity.com/branches/investor-center-scottsdale-arizona-85254","/investor-center-scottsdale-arizona-85254"
1317,"investor centers district of columbia",0,0,0,1,"https://www.fidelity.com/branches/investor-centers-district-of-columbia","/investor-centers-district-of-columbia"
1318,"investor center seattle washington 98101",0,0,0,1,"https://www.fidelity.com/branches/investor-center-seattle-washington-98101","/investor-center-seattle-washington-98101"
1319,"investor center shrewsbury massachusetts 1545",0,0,0,1,"https://www.fidelity.com/branches/investor-center-shrewsbury-massachusetts-1545","/investor-center-shrewsbury-massachusetts-1545"
1320,"investor center southlake texas 76092",0,0,0,1,"https://www.fidelity.com/branches/investor-center-southlake-texas-76092","/investor-center-southlake-texas-76092"
1321,"investor center stamford connecticut 06901",0,0,0,1,"https://www.fidelity.com/branches/investor-center-stamford-connecticut-06901","/investor-center-stamford-connecticut-06901"
1322,"investor center sunnyvale california 94087",0,0,0,1,"https://www.fidelity.com/branches/investor-center-sunnyvale-california-94087","/investor-center-sunnyvale-california-94087"
1323,"investor center tampa florida 33607",0,0,0,1,"https://www.fidelity.com/branches/investor-center-tampa-florida-33607","/investor-center-tampa-florida-33607"
1324,"investor center toledo ohio 43551",0,0,0,1,"https://www.fidelity.com/branches/investor-center-toledo-ohio-43551","/investor-center-toledo-ohio-43551"
1325,"investor center towson maryland 21204",0,0,0,1,"https://www.fidelity.com/branches/investor-center-towson-maryland-21204","/investor-center-towson-maryland-21204"
1326,"investor center troy michigan 48084",0,0,0,1,"https://www.fidelity.com/branches/investor-center-troy-michigan-48084","/investor-center-troy-michigan-48084"
1327,"investor center tucson arizona 85718",0,0,0,1,"https://www.fidelity.com/branches/investor-center-tucson-arizona-85718","/investor-center-tucson-arizona-85718"
1328,"investor center tulsa oklahoma 74101",0,0,0,1,"https://www.fidelity.com/branches/investor-center-tulsa-oklahoma-74101","/investor-center-tulsa-oklahoma-74101"
1329,"investor center villanova pennsylvania 19085",0,0,0,1,"https://www.fidelity.com/branches/investor-center-villanova-pennsylvania-19085","/investor-center-villanova-pennsylvania-19085"
1330,"investor center westwood massachusetts 02090",0,0,0,1,"https://www.fidelity.com/branches/investor-center-westwood-massachusetts-02090","/investor-center-westwood-massachusetts-02090"
1331,"corporate actions learn more faqs",0,0,0,1,"https://www.fidelity.com/customer-service/corporate-actions-learn-more-faqs","/corporate-actions-learn-more-faqs"
1332,"corporate actions learn more overview",0,0,0,1,"https://www.fidelity.com/customer-service/corporate-actions-learn-more-overview","/corporate-actions-learn-more-overview"
1333,"corporate actions learn more voluntary",0,0,0,1,"https://www.fidelity.com/customer-service/corporate-actions-learn-more-voluntary","/corporate-actions-learn-more-voluntary"
1334,"investing hsa your way informational",0,0,0,1,"https://www.fidelity.com/go/hsa/investing-hsa-your-way-informational","/investing-hsa-your-way-informational"
1335,"money market vs savings account",0,0,0,1,"https://www.fidelity.com/learning-center/investment-products/money-market-vs-savings-account","/money-market-vs-savings-account"
1336,"what are money market funds",0,0,0,1,"https://www.fidelity.com/learning-center/investment-products/mutual-funds/what-are-money-market-funds","/what-are-money-market-funds"
1337,"selecting strike price expiration date",0,0,0,1,"https://www.fidelity.com/learning-center/investment-products/options/selecting-strike-price-expiration-date","/selecting-strike-price-expiration-date"
1338,"8 retirement mistakes to avoid",0,0,0,1,"https://www.fidelity.com/learning-center/life-events/8-retirement-mistakes-to-avoid","/8-retirement-mistakes-to-avoid"
1339,"budgeting advice for new parents",0,0,0,1,"https://www.fidelity.com/learning-center/life-events/budgeting-advice-for-new-parents","/budgeting-advice-for-new-parents"
1340,"budgeting how to cut expenses",0,0,0,1,"https://www.fidelity.com/learning-center/life-events/budgeting-how-to-cut-expenses","/budgeting-how-to-cut-expenses"
1341,"how do estate taxes work",0,0,0,1,"https://www.fidelity.com/learning-center/life-events/how-do-estate-taxes-work","/how-do-estate-taxes-work"
1342,"how to manage business finances",0,0,0,1,"https://www.fidelity.com/learning-center/life-events/how-to-manage-business-finances","/how-to-manage-business-finances"
1343,"money management as you age",0,0,0,1,"https://www.fidelity.com/learning-center/life-events/money-management-as-you-age","/money-management-as-you-age"
1344,"tips for budgeting after divorce",0,0,0,1,"https://www.fidelity.com/learning-center/life-events/tips-for-budgeting-after-divorce","/tips-for-budgeting-after-divorce"
1345,"types of college savings accounts",0,0,0,1,"https://www.fidelity.com/learning-center/life-events/types-of-college-savings-accounts","/types-of-college-savings-accounts"
1346,"what is life disability insurance",0,0,0,1,"https://www.fidelity.com/learning-center/life-events/what-is-life-disability-insurance","/what-is-life-disability-insurance"
1347,"10 credit card security tips",0,0,0,1,"https://www.fidelity.com/learning-center/personal-finance/10-credit-card-security-tips","/10-credit-card-security-tips"
1348,"5 steps master your money",0,0,0,1,"https://www.fidelity.com/learning-center/personal-finance/5-steps-master-your-money","/5-steps-master-your-money"
1349,"are your finances on track",0,0,0,1,"https://www.fidelity.com/learning-center/personal-finance/are-your-finances-on-track","/are-your-finances-on-track"
1350,"can kids invest in stocks",0,0,0,1,"https://www.fidelity.com/learning-center/personal-finance/can-kids-invest-in-stocks","/can-kids-invest-in-stocks"
1351,"can you have multiple iras",0,0,0,1,"https://www.fidelity.com/learning-center/personal-finance/can-you-have-multiple-iras","/can-you-have-multiple-iras"
1352,"abcs of college savings plans",0,0,0,1,"https://www.fidelity.com/learning-center/personal-finance/college-planning/abcs-of-college-savings-plans","/abcs-of-college-savings-plans"
1353,"difference between investing and trading",0,0,0,1,"https://www.fidelity.com/learning-center/personal-finance/difference-between-investing-and-trading","/difference-between-investing-and-trading"
1354,"down payment for a house",0,0,0,1,"https://www.fidelity.com/learning-center/personal-finance/down-payment-for-a-house","/down-payment-for-a-house"
1355,"health insurance for young adults",0,0,0,1,"https://www.fidelity.com/learning-center/personal-finance/health-insurance-for-young-adults","/health-insurance-for-young-adults"
1356,"how i paid off debt",0,0,0,1,"https://www.fidelity.com/learning-center/personal-finance/how-i-paid-off-debt","/how-i-paid-off-debt"
1357,"how to avoid estate taxes",0,0,0,1,"https://www.fidelity.com/learning-center/personal-finance/how-to-avoid-estate-taxes","/how-to-avoid-estate-taxes"
1358,"how to freeze your credit",0,0,0,1,"https://www.fidelity.com/learning-center/personal-finance/how-to-freeze-your-credit","/how-to-freeze-your-credit"
1359,"how to get life insurance",0,0,0,1,"https://www.fidelity.com/learning-center/personal-finance/how-to-get-life-insurance","/how-to-get-life-insurance"
1360,"how to make some money",0,0,0,1,"https://www.fidelity.com/learning-center/personal-finance/how-to-make-some-money","/how-to-make-some-money"
1361,"how to start saving money",0,0,0,1,"https://www.fidelity.com/learning-center/personal-finance/how-to-start-saving-money","/how-to-start-saving-money"
1362,"moving to another state taxes",0,0,0,1,"https://www.fidelity.com/learning-center/personal-finance/moving-to-another-state-taxes","/moving-to-another-state-taxes"
1363,"pay down debt vs invest",0,0,0,1,"https://www.fidelity.com/learning-center/personal-finance/pay-down-debt-vs-invest","/pay-down-debt-vs-invest"
1364,"pay off debt or save",0,0,0,1,"https://www.fidelity.com/learning-center/personal-finance/pay-off-debt-or-save","/pay-off-debt-or-save"
1365,"questions on saving for retirement",0,0,0,1,"https://www.fidelity.com/learning-center/personal-finance/questions-on-saving-for-retirement","/questions-on-saving-for-retirement"
1366,"answers to roth conversion questions",0,0,0,1,"https://www.fidelity.com/learning-center/personal-finance/retirement/answers-to-roth-conversion-questions","/answers-to-roth-conversion-questions"
1367,"how to plan for retirement",0,0,0,1,"https://www.fidelity.com/learning-center/personal-finance/retirement/how-to-plan-for-retirement","/how-to-plan-for-retirement"
1368,"saving for retirement and inflation",0,0,0,1,"https://www.fidelity.com/learning-center/personal-finance/retirement/saving-for-retirement-and-inflation","/saving-for-retirement-and-inflation"
1369,"spending money or saving money",0,0,0,1,"https://www.fidelity.com/learning-center/personal-finance/spending-money-or-saving-money","/spending-money-or-saving-money"
1370,"talking to family about money",0,0,0,1,"https://www.fidelity.com/learning-center/personal-finance/talking-to-family-about-money","/talking-to-family-about-money"
1371,"what is the salt deduction",0,0,0,1,"https://www.fidelity.com/learning-center/personal-finance/what-is-the-salt-deduction","/what-is-the-salt-deduction"
1372,"cant pay credit card debt",0,0,0,1,"https://www.fidelity.com/learning-center/smart-money/cant-pay-credit-card-debt","/cant-pay-credit-card-debt"
1373,"cd vs high yield savings",0,0,0,1,"https://www.fidelity.com/learning-center/smart-money/cd-vs-high-yield-savings","/cd-vs-high-yield-savings"
1374,"good debt vs bad debt",0,0,0,1,"https://www.fidelity.com/learning-center/smart-money/good-debt-vs-bad-debt","/good-debt-vs-bad-debt"
1375,"how do student loans work",0,0,0,1,"https://www.fidelity.com/learning-center/smart-money/how-do-student-loans-work","/how-do-student-loans-work"
1376,"how is credit score calculated",0,0,0,1,"https://www.fidelity.com/learning-center/smart-money/how-is-credit-score-calculated","/how-is-credit-score-calculated"
1377,"how much is health insurance",0,0,0,1,"https://www.fidelity.com/learning-center/smart-money/how-much-is-health-insurance","/how-much-is-health-insurance"
1378,"how to become an investor%20",0,0,0,1,"https://www.fidelity.com/learning-center/smart-money/how-to-become-an-investor%20","/how-to-become-an-investor%20"
1379,"how to check credit score",0,0,0,1,"https://www.fidelity.com/learning-center/smart-money/how-to-check-credit-score","/how-to-check-credit-score"
1380,"how to invest in stocks",0,0,0,1,"https://www.fidelity.com/learning-center/smart-money/how-to-invest-in-stocks","/how-to-invest-in-stocks"
1381,"how to make money fast",0,0,0,1,"https://www.fidelity.com/learning-center/smart-money/how-to-make-money-fast","/how-to-make-money-fast"
1382,"how to make money online",0,0,0,1,"https://www.fidelity.com/learning-center/smart-money/how-to-make-money-online","/how-to-make-money-online"
1383,"how to make more money",0,0,0,1,"https://www.fidelity.com/learning-center/smart-money/how-to-make-more-money","/how-to-make-more-money"
1384,"how to overcome investing hurdles",0,0,0,1,"https://www.fidelity.com/learning-center/smart-money/how-to-overcome-investing-hurdles","/how-to-overcome-investing-hurdles"
1385,"how to send money internationally",0,0,0,1,"https://www.fidelity.com/learning-center/smart-money/how-to-send-money-internationally","/how-to-send-money-internationally"
1386,"married with separate bank accounts",0,0,0,1,"https://www.fidelity.com/learning-center/smart-money/married-with-separate-bank-accounts","/married-with-separate-bank-accounts"
1387,"what is a credit report",0,0,0,1,"https://www.fidelity.com/learning-center/smart-money/what-is-a-credit-report","/what-is-a-credit-report"
1388,"what is a credit score",0,0,0,1,"https://www.fidelity.com/learning-center/smart-money/what-is-a-credit-score","/what-is-a-credit-score"
1389,"when can you file taxes",0,0,0,1,"https://www.fidelity.com/learning-center/smart-money/when-can-you-file-taxes","/when-can-you-file-taxes"
1390,"why do i owe taxes",0,0,0,1,"https://www.fidelity.com/learning-center/smart-money/why-do-i-owe-taxes","/why-do-i-owe-taxes"
1391,"using the strategy evaluator video",0,0,0,1,"https://www.fidelity.com/learning-center/tools-demos/research-tools/using-the-strategy-evaluator-video","/using-the-strategy-evaluator-video"
1392,"3 strategies to reduce risk",0,0,0,1,"https://www.fidelity.com/learning-center/trading-investing/3-strategies-to-reduce-risk","/3-strategies-to-reduce-risk"
1393,"aerospace defense stocks iran conflict",0,0,0,1,"https://www.fidelity.com/learning-center/trading-investing/aerospace-defense-stocks-iran-conflict","/aerospace-defense-stocks-iran-conflict"
1394,"bond investing active bond funds",0,0,0,1,"https://www.fidelity.com/learning-center/trading-investing/bond-investing-active-bond-funds","/bond-investing-active-bond-funds"
1395,"ways to invest in crypto",0,0,0,1,"https://www.fidelity.com/learning-center/trading-investing/crypto/ways-to-invest-in-crypto","/ways-to-invest-in-crypto"
1396,"how to build investment strategy",0,0,0,1,"https://www.fidelity.com/learning-center/trading-investing/how-to-build-investment-strategy","/how-to-build-investment-strategy"
1397,"how to increase credit limit",0,0,0,1,"https://www.fidelity.com/learning-center/trading-investing/how-to-increase-credit-limit","/how-to-increase-credit-limit"
1398,"how to invest in alternatives",0,0,0,1,"https://www.fidelity.com/learning-center/trading-investing/how-to-invest-in-alternatives","/how-to-invest-in-alternatives"
1399,"how to invest in treasurys",0,0,0,1,"https://www.fidelity.com/learning-center/trading-investing/how-to-invest-in-treasurys","/how-to-invest-in-treasurys"
1400,"how to invest money migrate",0,0,0,1,"https://www.fidelity.com/learning-center/trading-investing/how-to-invest-money-migrate","/how-to-invest-money-migrate"
1401,"how to learn about cryptocurrency",0,0,0,1,"https://www.fidelity.com/learning-center/trading-investing/how-to-learn-about-cryptocurrency","/how-to-learn-about-cryptocurrency"
1402,"investing for short term goals",0,0,0,1,"https://www.fidelity.com/learning-center/trading-investing/investing-for-short-term-goals","/investing-for-short-term-goals"
1403,"is ethereum a good investment",0,0,0,1,"https://www.fidelity.com/learning-center/trading-investing/is-ethereum-a-good-investment","/is-ethereum-a-good-investment"
1404,"separately managed accounts explained video",0,0,0,1,"https://www.fidelity.com/learning-center/trading-investing/separately-managed-accounts-explained-video","/separately-managed-accounts-explained-video"
1405,"when to sell stocks investments",0,0,0,1,"https://www.fidelity.com/learning-center/trading-investing/when-to-sell-stocks-investments","/when-to-sell-stocks-investments"
1406,"why invest in alternatives video",0,0,0,1,"https://www.fidelity.com/learning-center/trading-investing/why-invest-in-alternatives-video","/why-invest-in-alternatives-video"
1407,"3 reasons to stay invested",0,0,0,1,"https://www.fidelity.com/learning-center/wealth-management-insights/3-reasons-to-stay-invested","/3-reasons-to-stay-invested"
1408,"5 questions for early retirement",0,0,0,1,"https://www.fidelity.com/learning-center/wealth-management-insights/5-questions-for-early-retirement","/5-questions-for-early-retirement"
1409,"four keys dynamic spending strategy",0,0,0,1,"https://www.fidelity.com/learning-center/wealth-management-insights/four-keys-dynamic-spending-strategy","/four-keys-dynamic-spending-strategy"
1410,"long term care insurance video",0,0,0,1,"https://www.fidelity.com/learning-center/wealth-management-insights/long-term-care-insurance-video","/long-term-care-insurance-video"
1411,"retirement planning with an advisor",0,0,0,1,"https://www.fidelity.com/learning-center/wealth-management-insights/retirement-planning-with-an-advisor","/retirement-planning-with-an-advisor"
1412,"sources of happiness in retirement",0,0,0,1,"https://www.fidelity.com/learning-center/wealth-management-insights/sources-of-happiness-in-retirement","/sources-of-happiness-in-retirement"
1413,"where to live in retirement",0,0,0,1,"https://www.fidelity.com/learning-center/wealth-management-insights/where-to-live-in-retirement","/where-to-live-in-retirement"
1414,"your role in managing investments",0,0,0,1,"https://www.fidelity.com/learning-center/wealth-management-insights/your-role-in-managing-investments","/your-role-in-managing-investments"
1415,"securities backed line of credit",0,0,0,1,"https://www.fidelity.com/lending/securities-backed-line-of-credit","/securities-backed-line-of-credit"
1416,"why invest sectors at fidelity",0,0,0,1,"https://www.fidelity.com/sector-investing/why-invest-sectors-at-fidelity","/why-invest-sectors-at-fidelity"
1417,"directed savings stock plan money",0,0,0,1,"https://www.fidelity.com/stock-plan-services/directed-savings-stock-plan-money","/directed-savings-stock-plan-money"
1418,"prior year corporate dividends received",0,0,0,1,"https://www.fidelity.com/tax-information/prior-year-corporate-dividends-received","/prior-year-corporate-dividends-received"
1419,"annual credit for substitute payments",0,0,0,1,"https://www.fidelity.com/tax-information/tax-topics/annual-credit-for-substitute-payments","/annual-credit-for-substitute-payments"
1420,"the market cycle and investors",0,0,0,1,"https://www.fidelity.com/viewpoints/investing-ideas/the-market-cycle-and-investors","/the-market-cycle-and-investors"
1421,"how to pay off debt",0,0,0,1,"https://www.fidelity.com/viewpoints/personal-finance/how-to-pay-off-debt","/how-to-pay-off-debt"
1422,"how long will savings last",0,0,0,1,"https://www.fidelity.com/viewpoints/retirement/how-long-will-savings-last","/how-long-will-savings-last"
1423,"do you need umbrella insurance",0,0,0,1,"https://www.fidelity.com/viewpoints/wealth-management/do-you-need-umbrella-insurance","/do-you-need-umbrella-insurance"
1424,"iras left to a trust",0,0,0,1,"https://www.fidelity.com/viewpoints/wealth-management/insights/iras-left-to-a-trust","/iras-left-to-a-trust"
1425,"ameriprise bank savings account faqs",0,0,0,1,"https://www.ameriprise.com/customer-service/ameriprise-bank-savings-account-faqs","/ameriprise-bank-savings-account-faqs"
1426,"investment provider client disclosure brochures",0,0,0,1,"https://www.ameriprise.com/customer-service/investment-provider-client-disclosure-brochures","/investment-provider-client-disclosure-brochures"
1427,"protecting your property with insurance",0,0,0,1,"https://www.ameriprise.com/financial-goals-priorities/insurance-health/protecting-your-property-with-insurance","/protecting-your-property-with-insurance"
1428,"term vs permanent life insurance",0,0,0,1,"https://www.ameriprise.com/financial-goals-priorities/insurance-health/term-vs-permanent-life-insurance","/term-vs-permanent-life-insurance"
1429,"guide to investment risk tolerance",0,0,0,1,"https://www.ameriprise.com/financial-goals-priorities/investing/guide-to-investment-risk-tolerance","/guide-to-investment-risk-tolerance"
1430,"stay invested during market volatility",0,0,0,1,"https://www.ameriprise.com/financial-goals-priorities/investing/stay-invested-during-market-volatility","/stay-invested-during-market-volatility"
1431,"personal cash flow management strategies",0,0,0,1,"https://www.ameriprise.com/financial-goals-priorities/personal-finance/personal-cash-flow-management-strategies","/personal-cash-flow-management-strategies"
1432,"how to estimate retirement expenses",0,0,0,1,"https://www.ameriprise.com/financial-goals-priorities/retirement/how-to-estimate-retirement-expenses","/how-to-estimate-retirement-expenses"
1433,"travel in retirement financial considerations",0,0,0,1,"https://www.ameriprise.com/financial-goals-priorities/retirement/travel-in-retirement-financial-considerations","/travel-in-retirement-financial-considerations"
1434,"how are my investments taxed",0,0,0,1,"https://www.ameriprise.com/financial-goals-priorities/taxes/how-are-my-investments-taxed","/how-are-my-investments-taxed"
1435,"company stock distribution analysis calculator",0,0,0,1,"https://www.ameriprise.com/financial-news-research/financial-calculators/company-stock-distribution-analysis-calculator","/company-stock-distribution-analysis-calculator"
1436,"credit card pay off calculator",0,0,0,1,"https://www.ameriprise.com/financial-news-research/financial-calculators/credit-card-pay-off-calculator","/credit-card-pay-off-calculator"
1437,"home rent vs buy calculator",0,0,0,1,"https://www.ameriprise.com/financial-news-research/financial-calculators/home-rent-vs-buy-calculator","/home-rent-vs-buy-calculator"
1438,"retirement planning",0,0,0,2,"http://www.calcxml.com/calculators/retirement-planning","/retirement-planning"
1439,"investment management",0,0,0,2,"https://www.tiaa.org/public/invest/financial-products/investment-management","/investment-management"
1440,"investing 101",0,0,0,2,"https://www.tiaa.org/public/learn/retirement-planning-and-beyond/investing-101","/investing-101"
1441,"debt consolidation",0,0,0,2,"https://www.tiaa.org/public/learn/personal-finance-101/debt-consolidation","/debt-consolidation"
1442,"retirement milestones",0,0,0,2,"https://www.tiaa.org/public/education/essentials/annuitization/retirement-milestones","/retirement-milestones"
1443,"life insurance",0,0,0,2,"https://www.fidelity.com/calculators-tools/life-insurance","/life-insurance"
1444,"8 withholding form myths",0,0,0,1,"https://www.paycheckcity.com/insights/8-withholding-form-myths","/8-withholding-form-myths"
1445,"mlb spring training taxes",0,0,0,1,"https://www.paycheckcity.com/insights/mlb-spring-training-taxes","/mlb-spring-training-taxes"
1446,"2015 standard mileage rates",0,0,0,1,"https://www.paycheckcity.com/insights/2015-standard-mileage-rates","/2015-standard-mileage-rates"
1447,"how tips are taxed",0,0,0,1,"https://www.paycheckcity.com/insights/how-tips-are-taxed","/how-tips-are-taxed"
1448,"how are commissions taxed",0,0,0,1,"https://www.paycheckcity.com/insights/how-are-commissions-taxed","/how-are-commissions-taxed"
1449,"2018 taxes paycheck advances",0,0,0,1,"https://www.paycheckcity.com/insights/2018-taxes-paycheck-advances","/2018-taxes-paycheck-advances"
1450,"why not move calculator",0,0,0,1,"https://www.paycheckcity.com/insights/why-not-move-calculator","/why-not-move-calculator"
1451,"taxes and the aca",0,0,0,1,"https://www.paycheckcity.com/insights/taxes-and-the-aca","/taxes-and-the-aca"
1452,"oklahoma state taxes 2014",0,0,0,1,"https://www.paycheckcity.com/insights/oklahoma-state-taxes-2014","/oklahoma-state-taxes-2014"
1453,"your 2016 vermont taxes",0,0,0,1,"https://www.paycheckcity.com/insights/your-2016-vermont-taxes","/your-2016-vermont-taxes"
1454,"missouri 2016 state taxes",0,0,0,1,"https://www.paycheckcity.com/insights/missouri-2016-state-taxes","/missouri-2016-state-taxes"
1455,"new jersey taxes 2015",0,0,0,1,"https://www.paycheckcity.com/insights/new-jersey-taxes-2015","/new-jersey-taxes-2015"
1456,"south dakota 2016 taxes",0,0,0,1,"https://www.paycheckcity.com/insights/south-dakota-2016-taxes","/south-dakota-2016-taxes"
1457,"2015 south carolina taxes",0,0,0,1,"https://www.paycheckcity.com/insights/2015-south-carolina-taxes","/2015-south-carolina-taxes"
1458,"2015 indiana state taxes",0,0,0,1,"https://www.paycheckcity.com/insights/2015-indiana-state-taxes","/2015-indiana-state-taxes"
1459,"2015 south dakota taxes",0,0,0,1,"https://www.paycheckcity.com/insights/2015-south-dakota-taxes","/2015-south-dakota-taxes"
1460,"all about texas taxes",0,0,0,1,"https://www.paycheckcity.com/insights/all-about-texas-taxes","/all-about-texas-taxes"
1461,"2016 tennessee state taxes",0,0,0,1,"https://www.paycheckcity.com/insights/2016-tennessee-state-taxes","/2016-tennessee-state-taxes"
1462,"2015 oklahoma state taxes",0,0,0,1,"https://www.paycheckcity.com/insights/2015-oklahoma-state-taxes","/2015-oklahoma-state-taxes"
1463,"2015 west virginia taxes",0,0,0,1,"https://www.paycheckcity.com/insights/2015-west-virginia-taxes","/2015-west-virginia-taxes"
1464,"2016 iowa state taxes",0,0,0,1,"https://www.paycheckcity.com/insights/2016-iowa-state-taxes","/2016-iowa-state-taxes"
1465,"all about arizona taxes",0,0,0,1,"https://www.paycheckcity.com/insights/all-about-arizona-taxes","/all-about-arizona-taxes"
1466,"all about washingtondc taxes",0,0,0,1,"https://www.paycheckcity.com/insights/all-about-washingtondc-taxes","/all-about-washingtondc-taxes"
1467,"new york taxes 2015",0,0,0,1,"https://www.paycheckcity.com/insights/new-york-taxes-2015","/new-york-taxes-2015"
1468,"2015 north dakota taxes",0,0,0,1,"https://www.paycheckcity.com/insights/2015-north-dakota-taxes","/2015-north-dakota-taxes"
1469,"2015 rhode island taxes",0,0,0,1,"https://www.paycheckcity.com/insights/2015-rhode-island-taxes","/2015-rhode-island-taxes"
1470,"2015 new hampshire taxes",0,0,0,1,"https://www.paycheckcity.com/insights/2015-new-hampshire-taxes","/2015-new-hampshire-taxes"
1471,"529 college savings plan",0,0,0,1,"http://www.calcxml.com/calculators/529-college-savings-plan","/529-college-savings-plan"
1472,"lump sum or payments",0,0,0,1,"http://www.calcxml.com/calculators/lump-sum-or-payments","/lump-sum-or-payments"
1473,"rate of return calculator",0,0,0,1,"http://www.calcxml.com/calculators/rate-of-return-calculator","/rate-of-return-calculator"
1474,"modal premium apr calculator",0,0,0,1,"http://www.calcxml.com/calculators/modal-premium-apr-calculator","/modal-premium-apr-calculator"
1475,"credit score calculator new",0,0,0,1,"http://www.calcxml.com/calculators/credit-score-calculator-new?skn=480","/credit-score-calculator-new"
1476,"seed calculator by serving",0,0,0,1,"http://www.calcxml.com/calculators/seed-calculator-by-serving?skn=402","/seed-calculator-by-serving"
1477,"tiaa access investment choices",0,0,0,1,"https://www.tiaa.org/public/retire/financial-products/annuities/retirement-plan-annuities/tiaa-access-investment-choices","/tiaa-access-investment-choices"
1478,"retirement plan portfolio manager",0,0,0,1,"https://www.tiaa.org/public/retire/financial-products/retirement-plan-portfolio-manager","/retirement-plan-portfolio-manager"
1479,"brokerage faq investment products",0,0,0,1,"https://www.tiaa.org/public/invest/financial-products/brokerage-accounts/brokerage-faq-investment-products","/brokerage-faq-investment-products"
1480,"responsible investing esg products",0,0,0,1,"https://www.tiaa.org/public/invest/financial-products/responsible-investing-esg-products","/responsible-investing-esg-products"
1481,"single retirement planning strategies",0,0,0,1,"https://www.tiaa.org/public/invest/services/wealth-management/perspectives/single-retirement-planning-strategies","/single-retirement-planning-strategies"
1482,"healthcare insurance after retirement",0,0,0,1,"https://www.tiaa.org/public/invest/services/wealth-management/perspectives/healthcare-insurance-after-retirement","/healthcare-insurance-after-retirement"
1483,"responsible investing bear markets",0,0,0,1,"https://www.tiaa.org/public/invest/services/wealth-management/perspectives/responsible-investing-bear-markets","/responsible-investing-bear-markets"
1484,"protecting investments market decline",0,0,0,1,"https://www.tiaa.org/public/invest/services/wealth-management/perspectives/protecting-investments-market-decline","/protecting-investments-market-decline"
1485,"managing aging parents finances",0,0,0,1,"https://www.tiaa.org/public/invest/services/wealth-management/perspectives/managing-aging-parents-finances","/managing-aging-parents-finances"
1486,"withdrawal strategies retirement savings",0,0,0,1,"https://www.tiaa.org/public/invest/services/wealth-management/perspectives/withdrawal-strategies-retirement-savings","/withdrawal-strategies-retirement-savings"
1487,"rate cuts inflation target",0,0,0,1,"https://www.tiaa.org/public/invest/services/wealth-management/perspectives/rate-cuts-inflation-target","/rate-cuts-inflation-target"
1488,"alternatives to retirement withdrawals",0,0,0,1,"https://www.tiaa.org/public/invest/services/wealth-management/perspectives/alternatives-to-retirement-withdrawals","/alternatives-to-retirement-withdrawals"
1489,"medicare questions retirement healthcare",0,0,0,1,"https://www.tiaa.org/public/invest/services/wealth-management/perspectives/medicare-questions-retirement-healthcare","/medicare-questions-retirement-healthcare"
1490,"roth conversions rollover backdoor",0,0,0,1,"https://www.tiaa.org/public/invest/services/wealth-management/perspectives/roth-conversions-rollover-backdoor","/roth-conversions-rollover-backdoor"
1491,"retirement bill of rights",0,0,0,1,"https://www.tiaa.org/public/learn/retirement-planning-and-beyond/retirement-bill-of-rights","/retirement-bill-of-rights"
1492,"retirement portfolio diversification strategies",0,0,0,1,"https://www.tiaa.org/public/learn/lifetime-income/retirement-portfolio-diversification-strategies","/retirement-portfolio-diversification-strategies"
1493,"many paths to retirement",0,0,0,1,"https://www.tiaa.org/public/learn/financial-essentials/many-paths-to-retirement","/many-paths-to-retirement"
1494,"discover your future retirement",0,0,0,1,"https://www.tiaa.org/public/learn/discover-your-future-retirement","/discover-your-future-retirement"
1495,"tiaa innovation reinventing retirement",0,0,0,1,"https://www.tiaa.org/public/plansponsors/why-tiaa/tiaa-innovation-reinventing-retirement","/tiaa-innovation-reinventing-retirement"
1496,"retirement industry trends 2026",0,0,0,1,"https://www.tiaa.org/public/plansponsors/insights/thought-leadership/retirement-industry-trends-2026","/retirement-industry-trends-2026"
1497,"retirement plan sponsor survey",0,0,0,1,"https://www.tiaa.org/public/plansponsors/insights/tmrw/edition-1/retirement-plan-sponsor-survey","/retirement-plan-sponsor-survey"
1498,"protect employees retirement cyberfraud",0,0,0,1,"https://www.tiaa.org/public/plansponsors/insights/tmrw/edition-5/protect-employees-retirement-cyberfraud","/protect-employees-retirement-cyberfraud"
1499,"retirement security jason key",0,0,0,1,"https://www.tiaa.org/public/plansponsors/insights/tmrw/edition-6/retirement-security-jason-key","/retirement-security-jason-key"
1500,"employer retirement plan cybersecurity",0,0,0,1,"https://www.tiaa.org/public/plansponsors/insights/tmrw/edition-6/employer-retirement-plan-cybersecurity","/employer-retirement-plan-cybersecurity"
1501,"real estate investment account",0,0,0,1,"https://www.tiaa.org/public/plansponsors/investment-solutions/lifetime-income/real-estate-investment-account","/real-estate-investment-account"
1502,"retirement healthcare savings program",0,0,0,1,"https://www.tiaa.org/public/plansponsors/retirement-healthcare-savings-program","/retirement-healthcare-savings-program"
1503,"retireplus select vs pro",0,0,0,1,"https://www.tiaa.org/public/plansponsors/retireplus-select-vs-pro","/retireplus-select-vs-pro"
1504,"saving retirement importance planning",0,0,0,1,"https://www.tiaa.org/public/institute/publication/2000/saving-retirement-importance-planning","/saving-retirement-importance-planning"
1505,"outlook retiree health benefits",0,0,0,1,"https://www.tiaa.org/public/institute/publication/2004/outlook-retiree-health-benefits","/outlook-retiree-health-benefits"
1506,"findings retirement confidence survey",0,0,0,1,"https://www.tiaa.org/public/institute/publication/2005/findings-retirement-confidence-survey","/findings-retirement-confidence-survey"
1507,"expanding roth retirement account",0,0,0,1,"https://www.tiaa.org/public/institute/publication/2006/expanding-roth-retirement-account","/expanding-roth-retirement-account"
1508,"retiree health care challenge",0,0,0,1,"https://www.tiaa.org/public/institute/publication/2006/retiree-health-care-challenge","/retiree-health-care-challenge"
1509,"effects choice proliferation retirement",0,0,0,1,"https://www.tiaa.org/public/institute/publication/2008/effects-choice-proliferation-retirement","/effects-choice-proliferation-retirement"
1510,"framing effects retirement savings",0,0,0,1,"https://www.tiaa.org/public/institute/publication/2008/framing-effects-retirement-savings","/framing-effects-retirement-savings"
1511,"role retirement personality type",0,0,0,1,"https://www.tiaa.org/public/institute/publication/2008/role-retirement-personality-type","/role-retirement-personality-type"
1512,"managing retirement higher education",0,0,0,1,"https://www.tiaa.org/public/institute/publication/2009/managing-retirement-higher-education","/managing-retirement-higher-education"
1513,"perspectives retirement system reform",0,0,0,1,"https://www.tiaa.org/public/institute/publication/2009/perspectives-retirement-system-reform","/perspectives-retirement-system-reform"
1514,"implications experimental behavioral finance",0,0,0,1,"https://www.tiaa.org/public/institute/publication/2010/implications-experimental-behavioral-finance","/implications-experimental-behavioral-finance"
1515,"understanding reluctant retiree campus",0,0,0,1,"https://www.tiaa.org/public/institute/publication/2011/understanding-reluctant-retiree-campus","/understanding-reluctant-retiree-campus"
1516,"2012 retirement confidence survey",0,0,0,1,"https://www.tiaa.org/public/institute/publication/2012/2012-retirement-confidence-survey","/2012-retirement-confidence-survey"
1517,"retirement confidence education sector",0,0,0,1,"https://www.tiaa.org/public/institute/publication/2013/retirement-confidence-education-sector","/retirement-confidence-education-sector"
1518,"2014 retirement confidence survey",0,0,0,1,"https://www.tiaa.org/public/institute/publication/2014/2014-retirement-confidence-survey","/2014-retirement-confidence-survey"
1519,"designing and implementing strategies",0,0,0,1,"https://www.tiaa.org/public/institute/publication/2014/designing-and-implementing-strategies","/designing-and-implementing-strategies"
1520,"impact retiree health insurance",0,0,0,1,"https://www.tiaa.org/public/institute/publication/2014/impact-retiree-health-insurance","/impact-retiree-health-insurance"
1521,"performance tiaas traditional retirement",0,0,0,1,"https://www.tiaa.org/public/institute/publication/2015/performance-tiaas-traditional-retirement","/performance-tiaas-traditional-retirement"
1522,"retirement planning and confidence",0,0,0,1,"https://www.tiaa.org/public/institute/publication/2015/retirement-planning-and-confidence","/retirement-planning-and-confidence"
1523,"strategic change and innovation",0,0,0,1,"https://www.tiaa.org/public/institute/publication/2016/strategic-change-and-innovation","/strategic-change-and-innovation"
1524,"2016 retirement confidence survey",0,0,0,1,"https://www.tiaa.org/public/institute/publication/2017/2016-retirement-confidence-survey","/2016-retirement-confidence-survey"
1525,"women and retirement security",0,0,0,1,"https://www.tiaa.org/public/institute/publication/2017/women-and-retirement-security","/women-and-retirement-security"
1526,"cost retirement health care",0,0,0,1,"https://www.tiaa.org/public/institute/publication/2020/cost-retirement-health-care","/cost-retirement-health-care"
1527,"millennials and money 0",0,0,0,1,"https://www.tiaa.org/public/institute/publication/2020/millennials-and-money-0","/millennials-and-money-0"
1528,"retirement benefits adjunct faculty",0,0,0,1,"https://www.tiaa.org/public/institute/publication/2020/retirement-benefits-adjunct-faculty","/retirement-benefits-adjunct-faculty"
1529,"retired for how long",0,0,0,1,"https://www.tiaa.org/public/institute/publication/2025/retired-for-how-long","/retired-for-how-long"
1530,"consequences of college affordability",0,0,0,1,"https://www.tiaa.org/public/institute/publication/2025/consequences-of-college-affordability","/consequences-of-college-affordability"
1531,"asset decumulation in retirement",0,0,0,1,"https://www.tiaa.org/public/institute/publication/2025/asset-decumulation-in-retirement","/asset-decumulation-in-retirement"
1532,"2019 personal finance index",0,0,0,1,"https://www.tiaa.org/public/institute/about/news/2019-personal-finance-index","/2019-personal-finance-index"
1533,"future of retirement security",0,0,0,1,"https://www.tiaa.org/public/institute/about/news/future-of-retirement-security","/future-of-retirement-security"
1534,"retirement plan design practices",0,0,0,1,"https://www.tiaa.org/public/institute/retirement-plan-design-practices","/retirement-plan-design-practices"
1535,"investing during market volatility",0,0,0,1,"https://www.tiaa.org/public/land/investing-during-market-volatility","/investing-during-market-volatility"
1536,"four common retirement risks",0,0,0,1,"https://www.tiaa.org/public/transitioners/four-common-retirement-risks","/four-common-retirement-risks"
1537,"tips for retirement travel",0,0,0,1,"https://www.tiaa.org/public/transitioners/tips-for-retirement-travel","/tips-for-retirement-travel"
1538,"optimizing retirement financial strategies",0,0,0,1,"https://www.tiaa.org/public/institute/publication/2026/optimizing-retirement-financial-strategies","/optimizing-retirement-financial-strategies"
1539,"our approach to retirement",0,0,0,1,"https://www.tiaa.org/public/about-tiaa/how-we-help/our-approach-to-retirement","/our-approach-to-retirement"
1540,"saving for retirement video",0,0,0,1,"https://www.tiaa.org/public/land/saving-for-retirement-video","/saving-for-retirement-video"
1541,"teaching kids about money",0,0,0,1,"https://www.tiaa.org/public/learn/life-milestones/teaching-kids-about-money","/teaching-kids-about-money"
1542,"avoid common investing mistakes",0,0,0,1,"https://www.tiaa.org/public/learn/prepare-unexpected/avoid-common-investing-mistakes","/avoid-common-investing-mistakes"
1543,"planning retirement nest egg",0,0,0,1,"https://www.tiaa.org/public/learn/retirement-planning-and-beyond/planning-retirement-nest-egg","/planning-retirement-nest-egg"
1544,"retirement advice for you",0,0,0,1,"https://www.tiaa.org/public/land/retire-inequality/retirement-advice-for-you","/retirement-advice-for-you"
1545,"pathways newsletter retirement readiness",0,0,0,1,"https://www.tiaa.org/public/plansponsors/land/pathways-newsletter-retirement-readiness","/pathways-newsletter-retirement-readiness"
1546,"investing money starting out",0,0,0,1,"https://www.tiaa.org/public/land/investing-money-starting-out","/investing-money-starting-out"
1547,"momm retirement plan loans",0,0,0,1,"https://www.tiaa.org/public/land/momm-retirement-plan-loans","/momm-retirement-plan-loans"
1548,"discussing finances with spouse",0,0,0,1,"https://www.tiaa.org/public/learn/personal-finance-101/discussing-finances-with-spouse","/discussing-finances-with-spouse"
1549,"importance of investing now",0,0,0,1,"https://www.tiaa.org/public/learn/personal-finance-101/importance-of-investing-now","/importance-of-investing-now"
1550,"reward yourself for retirement",0,0,0,1,"https://www.tiaa.org/public/learn/personal-finance-101/reward-yourself-for-retirement","/reward-yourself-for-retirement"
1551,"save money while traveling",0,0,0,1,"https://www.tiaa.org/public/learn/personal-finance-101/save-money-while-traveling","/save-money-while-traveling"
1552,"retirement planning and beyond",0,0,0,1,"https://www.tiaa.org/public/learn/retirement-planning-and-beyond","/retirement-planning-and-beyond"
1553,"guilt free retirement spending",0,0,0,1,"https://www.tiaa.org/public/education/essentials/annuitization/guilt-free-retirement-spending","/guilt-free-retirement-spending"
1554,"prime line of credit",0,0,0,1,"https://www.wellsfargo.com/biz/business-credit/lines-of-credit/prime-line-of-credit/","/prime-line-of-credit"
1555,"commercial lines and loans",0,0,0,1,"https://www.wellsfargo.com/com/solutions/commercial-lines-and-loans/","/commercial-lines-and-loans"
1556,"credit card alerts faqs",0,0,0,1,"https://www.wellsfargo.com/es/help/credit-cards/credit-card-alerts-faqs/","/credit-card-alerts-faqs"
1557,"security tools and options",0,0,0,1,"https://www.wellsfargo.com/es/privacy-security/fraud/security-tools-and-options/","/security-tools-and-options"
1558,"budget vs financial plan",0,0,0,1,"https://www.wellsfargo.com/financial-education/basic-finances/build-the-future/short-long-term-planning/budget-vs-financial-plan/","/budget-vs-financial-plan"
1559,"cost of savings index",0,0,0,1,"https://www.wellsfargo.com/mortgage/cost-of-savings-index/","/cost-of-savings-index"
1560,"gift funds down payment",0,0,0,1,"https://www.wellsfargo.com/mortgage/learn/gift-funds-down-payment/","/gift-funds-down-payment"
1561,"how va loans work",0,0,0,1,"https://www.wellsfargo.com/mortgage/learn/how-va-loans-work/","/how-va-loans-work"
1562,"insurance and your home",0,0,0,1,"https://www.wellsfargo.com/mortgage/learn/insurance-and-your-home/","/insurance-and-your-home"
1563,"bono brothers memorial trust",0,0,0,1,"https://www.wellsfargo.com/private-foundations/bono-brothers-memorial-trust/","/bono-brothers-memorial-trust"
1564,"faqs about portfolios investments",0,0,0,1,"https://www.fidelity.com/529-plans/espanol/faqs-about-portfolios-investments","/faqs-about-portfolios-investments"
1565,"investor center search results",0,0,0,1,"https://www.fidelity.com/branches/investor-center-search-results","/investor-center-search-results"
1566,"investor centers new hampshire",0,0,0,1,"https://www.fidelity.com/branches/investor-centers-new-hampshire","/investor-centers-new-hampshire"
1567,"investor centers new jersey",0,0,0,1,"https://www.fidelity.com/branches/investor-centers-new-jersey","/investor-centers-new-jersey"
1568,"investor centers new mexico",0,0,0,1,"https://www.fidelity.com/branches/investor-centers-new-mexico","/investor-centers-new-mexico"
1569,"investor centers new york",0,0,0,1,"https://www.fidelity.com/branches/investor-centers-new-york","/investor-centers-new-york"
1570,"investor centers north carolina",0,0,0,1,"https://www.fidelity.com/branches/investor-centers-north-carolina","/investor-centers-north-carolina"
1571,"investor centers rhode island",0,0,0,1,"https://www.fidelity.com/branches/investor-centers-rhode-island","/investor-centers-rhode-island"
1572,"investor centers south carolina",0,0,0,1,"https://www.fidelity.com/branches/investor-centers-south-carolina","/investor-centers-south-carolina"
1573,"fidelity retirement score tool",0,0,0,1,"https://www.fidelity.com/calculators-tools/fidelity-retirement-score-tool","/fidelity-retirement-score-tool"
1574,"lock unlock credit card",0,0,0,1,"https://www.fidelity.com/cash-management/help-center/credit-card/lock-unlock-credit-card","/lock-unlock-credit-card"
1575,"credit union share certificates",0,0,0,1,"https://www.fidelity.com/fixed-income-bonds/credit-union-share-certificates","/credit-union-share-certificates"
1576,"long term savings tem",0,0,0,1,"https://www.fidelity.com/go/long-term-savings-tem","/long-term-savings-tem"
1577,"short term savings tem",0,0,0,1,"https://www.fidelity.com/go/short-term-savings-tem","/short-term-savings-tem"
1578,"active investor newsletter subscription",0,0,0,1,"https://www.fidelity.com/learning-center/active-investor-newsletter-subscription","/active-investor-newsletter-subscription"
1579,"total return distribution rate",0,0,0,1,"https://www.fidelity.com/learning-center/investment-products/closed-end-funds/total-return-distribution-rate","/total-return-distribution-rate"
1580,"etf dream retirement replay",0,0,0,1,"https://www.fidelity.com/learning-center/investment-products/etf/etf-dream-retirement-replay","/etf-dream-retirement-replay"
1581,"using etfs invest currencies",0,0,0,1,"https://www.fidelity.com/learning-center/investment-products/etf/using-etfs-invest-currencies","/using-etfs-invest-currencies"
1582,"bond investing deeper dive",0,0,0,1,"https://www.fidelity.com/learning-center/investment-products/fixed-income-bonds/bond-investing-deeper-dive","/bond-investing-deeper-dive"
1583,"bond prices rates yields",0,0,0,1,"https://www.fidelity.com/learning-center/investment-products/fixed-income-bonds/bond-prices-rates-yields","/bond-prices-rates-yields"
1584,"fixed rate capital securities",0,0,0,1,"https://www.fidelity.com/learning-center/investment-products/fixed-income-bonds/fixed-rate-capital-securities","/fixed-rate-capital-securities"
1585,"building option strategy replay",0,0,0,1,"https://www.fidelity.com/learning-center/investment-products/options/building-option-strategy-replay","/building-option-strategy-replay"
1586,"knowing the strategies replay",0,0,0,1,"https://www.fidelity.com/learning-center/investment-products/options/knowing-the-strategies-replay","/knowing-the-strategies-replay"
1587,"manage monitor options expirations",0,0,0,1,"https://www.fidelity.com/learning-center/investment-products/options/manage-monitor-options-expirations","/manage-monitor-options-expirations"
1588,"adjusting to retirement life",0,0,0,1,"https://www.fidelity.com/learning-center/life-events/adjusting-to-retirement-life","/adjusting-to-retirement-life"
1589,"budgeting for a car",0,0,0,1,"https://www.fidelity.com/learning-center/life-events/budgeting-for-a-car","/budgeting-for-a-car"
1590,"organize self employed finances",0,0,0,1,"https://www.fidelity.com/learning-center/life-events/organize-self-employed-finances","/organize-self-employed-finances"
1591,"self employed retirement plan",0,0,0,1,"https://www.fidelity.com/learning-center/life-events/self-employed-retirement-plan","/self-employed-retirement-plan"
1592,"your money after death",0,0,0,1,"https://www.fidelity.com/learning-center/life-events/your-money-after-death","/your-money-after-death"
1593,"boost your investing confidence",0,0,0,1,"https://www.fidelity.com/learning-center/money-unscripted/boost-your-investing-confidence","/boost-your-investing-confidence"
1594,"protect investments in retirement",0,0,0,1,"https://www.fidelity.com/learning-center/money-unscripted/protect-investments-in-retirement","/protect-investments-in-retirement"
1595,"saving for retirement goals",0,0,0,1,"https://www.fidelity.com/learning-center/money-unscripted/saving-for-retirement-goals","/saving-for-retirement-goals"
1596,"short term investment option",0,0,0,1,"https://www.fidelity.com/learning-center/money-unscripted/short-term-investment-option","/short-term-investment-option"
1597,"side hustle money moves",0,0,0,1,"https://www.fidelity.com/learning-center/money-unscripted/side-hustle-money-moves","/side-hustle-money-moves"
1598,"year end money moves",0,0,0,1,"https://www.fidelity.com/learning-center/money-unscripted/year-end-money-moves","/year-end-money-moves"
1599,"529 rollover to roth",0,0,0,1,"https://www.fidelity.com/learning-center/personal-finance/529-rollover-to-roth","/529-rollover-to-roth"
1600,"5 moves before retirement",0,0,0,1,"https://www.fidelity.com/learning-center/personal-finance/5-moves-before-retirement","/5-moves-before-retirement"
1601,"all about the roth",0,0,0,1,"https://www.fidelity.com/learning-center/personal-finance/all-about-the-roth","/all-about-the-roth"
1602,"basics of investing money",0,0,0,1,"https://www.fidelity.com/learning-center/personal-finance/basics-of-investing-money","/basics-of-investing-money"
1603,"best states for taxes",0,0,0,1,"https://www.fidelity.com/learning-center/personal-finance/best-states-for-taxes","/best-states-for-taxes"
1604,"buy and hold investing",0,0,0,1,"https://www.fidelity.com/learning-center/personal-finance/buy-and-hold-investing","/buy-and-hold-investing"
1605,"credit vs debit cards%20",0,0,0,1,"https://www.fidelity.com/learning-center/personal-finance/credit-vs-debit-cards%20","/credit-vs-debit-cards%20"
1606,"emergency fund in retirement",0,0,0,1,"https://www.fidelity.com/learning-center/personal-finance/emergency-fund-in-retirement","/emergency-fund-in-retirement"
1607,"gen x retirement guide",0,0,0,1,"https://www.fidelity.com/learning-center/personal-finance/gen-x-retirement-guide","/gen-x-retirement-guide"
1608,"giving money to family",0,0,0,1,"https://www.fidelity.com/learning-center/personal-finance/giving-money-to-family","/giving-money-to-family"
1609,"investment decisions and emotions",0,0,0,1,"https://www.fidelity.com/learning-center/personal-finance/investment-decisions-and-emotions","/investment-decisions-and-emotions"
1610,"market sense investor questions",0,0,0,1,"https://www.fidelity.com/learning-center/personal-finance/market-sense-investor-questions","/market-sense-investor-questions"
1611,"personal finance for students",0,0,0,1,"https://www.fidelity.com/learning-center/personal-finance/personal-finance-for-students","/personal-finance-for-students"
1612,"power of attorney finances",0,0,0,1,"https://www.fidelity.com/learning-center/personal-finance/power-of-attorney-finances","/power-of-attorney-finances"
1613,"readjust your claiming strategy",0,0,0,1,"https://www.fidelity.com/learning-center/personal-finance/retirement/readjust-your-claiming-strategy","/readjust-your-claiming-strategy"
1614,"retirement and market volatility",0,0,0,1,"https://www.fidelity.com/learning-center/personal-finance/retirement/retirement-and-market-volatility","/retirement-and-market-volatility"
1615,"rmd strategies down markets",0,0,0,1,"https://www.fidelity.com/learning-center/personal-finance/retirement/rmd-strategies-down-markets","/rmd-strategies-down-markets"
1616,"secure act inherited iras",0,0,0,1,"https://www.fidelity.com/learning-center/personal-finance/retirement/secure-act-inherited-iras","/secure-act-inherited-iras"
1617,"transition to retirement taxes",0,0,0,1,"https://www.fidelity.com/learning-center/personal-finance/retirement/transition-to-retirement-taxes","/transition-to-retirement-taxes"
1618,"retirement decisions for couples",0,0,0,1,"https://www.fidelity.com/learning-center/personal-finance/retirement-decisions-for-couples","/retirement-decisions-for-couples"
1619,"retirement planning for women",0,0,0,1,"https://www.fidelity.com/learning-center/personal-finance/retirement-planning-for-women","/retirement-planning-for-women"
1620,"save for retirement smarter",0,0,0,1,"https://www.fidelity.com/learning-center/personal-finance/save-for-retirement-smarter","/save-for-retirement-smarter"
1621,"saving and budgeting money",0,0,0,1,"https://www.fidelity.com/learning-center/personal-finance/saving-and-budgeting-money","/saving-and-budgeting-money"
1622,"self employed health insurance",0,0,0,1,"https://www.fidelity.com/learning-center/personal-finance/self-employed-health-insurance","/self-employed-health-insurance"
1623,"six habits successful investors",0,0,0,1,"https://www.fidelity.com/learning-center/personal-finance/six-habits-successful-investors","/six-habits-successful-investors"
1624,"small business retirement investing",0,0,0,1,"https://www.fidelity.com/learning-center/personal-finance/small-business-retirement-investing","/small-business-retirement-investing"
1625,"teach teens about credit",0,0,0,1,"https://www.fidelity.com/learning-center/personal-finance/teach-teens-about-credit","/teach-teens-about-credit"
1626,"types of life insurance",0,0,0,1,"https://www.fidelity.com/learning-center/personal-finance/types-of-life-insurance","/types-of-life-insurance"
1627,"understanding credit score impact",0,0,0,1,"https://www.fidelity.com/learning-center/personal-finance/understanding-credit-score-impact","/understanding-credit-score-impact"
1628,"understanding your credit score",0,0,0,1,"https://www.fidelity.com/learning-center/personal-finance/understanding-your-credit-score","/understanding-your-credit-score"
1629,"video managing family finances",0,0,0,1,"https://www.fidelity.com/learning-center/personal-finance/video-managing-family-finances","/video-managing-family-finances"
1630,"wont learn in school",0,0,0,1,"https://www.fidelity.com/learning-center/personal-finance/wont-learn-in-school","/wont-learn-in-school"
1631,"year end money checklist",0,0,0,1,"https://www.fidelity.com/learning-center/personal-finance/year-end-money-checklist","/year-end-money-checklist"
1632,"young investors bear market",0,0,0,1,"https://www.fidelity.com/learning-center/personal-finance/young-investors-bear-market","/young-investors-bear-market"
1633,"52 week money challenge",0,0,0,1,"https://www.fidelity.com/learning-center/smart-money/52-week-money-challenge","/52-week-money-challenge"
1634,"apr vs interest rate",0,0,0,1,"https://www.fidelity.com/learning-center/smart-money/apr-vs-interest-rate","/apr-vs-interest-rate"
1635,"cash stuffing envelope budget",0,0,0,1,"https://www.fidelity.com/learning-center/smart-money/cash-stuffing-envelope-budget","/cash-stuffing-envelope-budget"
1636,"combine finances after marriage",0,0,0,1,"https://www.fidelity.com/learning-center/smart-money/combine-finances-after-marriage","/combine-finances-after-marriage"
1637,"how to pick investments",0,0,0,1,"https://www.fidelity.com/learning-center/smart-money/how-to-pick-investments","/how-to-pick-investments"
1638,"how to save money",0,0,0,1,"https://www.fidelity.com/learning-center/smart-money/how-to-save-money","/how-to-save-money"
1639,"make money from renting",0,0,0,1,"https://www.fidelity.com/learning-center/smart-money/make-money-from-renting","/make-money-from-renting"
1640,"money and mental health",0,0,0,1,"https://www.fidelity.com/learning-center/smart-money/money-and-mental-health","/money-and-mental-health"
1641,"money market vs cd",0,0,0,1,"https://www.fidelity.com/learning-center/smart-money/money-market-vs-cd","/money-market-vs-cd"
1642,"ways to save money",0,0,0,1,"https://www.fidelity.com/learning-center/smart-money/ways-to-save-money","/ways-to-save-money"
1643,"what is an investment",0,0,0,1,"https://www.fidelity.com/learning-center/smart-money/what-is-an-investment","/what-is-an-investment"
1644,"what to invest in",0,0,0,1,"https://www.fidelity.com/learning-center/smart-money/what-to-invest-in","/what-to-invest-in"
1645,"when are taxes due",0,0,0,1,"https://www.fidelity.com/learning-center/smart-money/when-are-taxes-due","/when-are-taxes-due"
1646,"tools for all traders",0,0,0,1,"https://www.fidelity.com/learning-center/tools-demos/trading-tools/tools-for-all-traders","/tools-for-all-traders"
1647,"bond investing active etfs",0,0,0,1,"https://www.fidelity.com/learning-center/trading-investing/bond-investing-active-etfs","/bond-investing-active-etfs"
1648,"how are dividends taxed",0,0,0,1,"https://www.fidelity.com/learning-center/trading-investing/how-are-dividends-taxed","/how-are-dividends-taxed"
1649,"how to invest money",0,0,0,1,"https://www.fidelity.com/learning-center/trading-investing/how-to-invest-money","/how-to-invest-money"
1650,"important to diversify investments",0,0,0,1,"https://www.fidelity.com/learning-center/trading-investing/important-to-diversify-investments","/important-to-diversify-investments"
1651,"invest in ai stocks",0,0,0,1,"https://www.fidelity.com/learning-center/trading-investing/invest-in-ai-stocks","/invest-in-ai-stocks"
1652,"iran war gold price",0,0,0,1,"https://www.fidelity.com/learning-center/trading-investing/iran-war-gold-price","/iran-war-gold-price"
1653,"business cycle investing implications",0,0,0,1,"https://www.fidelity.com/learning-center/trading-investing/markets-sectors/business-cycle-investing-implications","/business-cycle-investing-implications"
1654,"option buying strategies video",0,0,0,1,"https://www.fidelity.com/learning-center/trading-investing/option-buying-strategies-video","/option-buying-strategies-video"
1655,"options and interest rates",0,0,0,1,"https://www.fidelity.com/learning-center/trading-investing/options-and-interest-rates","/options-and-interest-rates"
1656,"private credit market update",0,0,0,1,"https://www.fidelity.com/learning-center/trading-investing/private-credit-market-update","/private-credit-market-update"
1657,"private market alternative investments",0,0,0,1,"https://www.fidelity.com/learning-center/trading-investing/private-market-alternative-investments","/private-market-alternative-investments"
1658,"roi return on investment",0,0,0,1,"https://www.fidelity.com/learning-center/trading-investing/roi-return-on-investment","/roi-return-on-investment"
1659,"too much one investment",0,0,0,1,"https://www.fidelity.com/learning-center/trading-investing/too-much-one-investment","/too-much-one-investment"
1660,"top four investing ideas",0,0,0,1,"https://www.fidelity.com/learning-center/trading-investing/top-four-investing-ideas","/top-four-investing-ideas"
1661,"line of credit 2025",0,0,0,1,"https://www.fidelity.com/learning-center/trading-investing/trading/line-of-credit-2025","/line-of-credit-2025"
1662,"us iran oil prices",0,0,0,1,"https://www.fidelity.com/learning-center/trading-investing/us-iran-oil-prices","/us-iran-oil-prices"
1663,"what is passive investing",0,0,0,1,"https://www.fidelity.com/learning-center/trading-investing/what-is-passive-investing","/what-is-passive-investing"
1664,"asset location minimize taxes",0,0,0,1,"https://www.fidelity.com/learning-center/wealth-management-insights/asset-location-minimize-taxes","/asset-location-minimize-taxes"
1665,"borrowing against your assets",0,0,0,1,"https://www.fidelity.com/learning-center/wealth-management-insights/borrowing-against-your-assets","/borrowing-against-your-assets"
1666,"charitable giving strategies video",0,0,0,1,"https://www.fidelity.com/learning-center/wealth-management-insights/charitable-giving-strategies-video","/charitable-giving-strategies-video"
1667,"do your own taxes",0,0,0,1,"https://www.fidelity.com/learning-center/wealth-management-insights/do-your-own-taxes","/do-your-own-taxes"
1668,"estate planning interest rates",0,0,0,1,"https://www.fidelity.com/learning-center/wealth-management-insights/estate-planning-interest-rates","/estate-planning-interest-rates"
1669,"help reduce estate taxes",0,0,0,1,"https://www.fidelity.com/learning-center/wealth-management-insights/help-reduce-estate-taxes","/help-reduce-estate-taxes"
1670,"mutual fund distribution taxes",0,0,0,1,"https://www.fidelity.com/learning-center/wealth-management-insights/mutual-fund-distribution-taxes","/mutual-fund-distribution-taxes"
1671,"reasons to invest now",0,0,0,1,"https://www.fidelity.com/learning-center/wealth-management-insights/reasons-to-invest-now","/reasons-to-invest-now"
1672,"retirement withdrawal strategies video",0,0,0,1,"https://www.fidelity.com/learning-center/wealth-management-insights/retirement-withdrawal-strategies-video","/retirement-withdrawal-strategies-video"
1673,"risks of investing conservatively",0,0,0,1,"https://www.fidelity.com/learning-center/wealth-management-insights/risks-of-investing-conservatively","/risks-of-investing-conservatively"
1674,"roth conversions explained video",0,0,0,1,"https://www.fidelity.com/learning-center/wealth-management-insights/roth-conversions-explained-video","/roth-conversions-explained-video"
1675,"taxes in retirement video",0,0,0,1,"https://www.fidelity.com/learning-center/wealth-management-insights/taxes-in-retirement-video","/taxes-in-retirement-video"
1676,"how much life insurance",0,0,0,1,"https://www.fidelity.com/life-insurance/life-insurance-planning/how-much-life-insurance","/how-much-life-insurance"
1677,"government core money market",0,0,0,1,"https://www.fidelity.com/mutual-funds/fidelity-funds/government-core-money-market","/government-core-money-market"
1678,"money market central funds",0,0,0,1,"https://www.fidelity.com/mutual-funds/fidelity-funds/money-market-central-funds","/money-market-central-funds"
1679,"money market funds manage",0,0,0,1,"https://www.fidelity.com/mutual-funds/fidelity-funds/money-market-funds-manage","/money-market-funds-manage"
1680,"communication services sector investing",0,0,0,1,"https://www.fidelity.com/mutual-funds/investing-ideas/communication-services-sector-investing","/communication-services-sector-investing"
1681,"health savings funds wi",0,0,0,1,"https://www.fidelity.com/mutual-funds/mutual-fund-spotlights/health-savings-funds-wi","/health-savings-funds-wi"
1682,"learn er cef securities.shtml",0,0,0,1,"https://www.fidelity.com/quick-content/etf/help/research/learn_er_cef_securities.shtml","/learn-er-cef-securities.shtml"
1683,"learn er conference calls.shtml",0,0,0,1,"https://www.fidelity.com/quick-content/etf/help/research/learn_er_conference_calls.shtml","/learn-er-conference-calls.shtml"
1684,"learn er glossary 1.shtml",0,0,0,1,"https://www.fidelity.com/quick-content/etf/help/research/learn_er_glossary_1.shtml","/learn-er-glossary-1.shtml"
1685,"learn er glossary 2.shtml",0,0,0,1,"https://www.fidelity.com/quick-content/etf/help/research/learn_er_glossary_2.shtml","/learn-er-glossary-2.shtml"
1686,"learn er glossary 3.shtml",0,0,0,1,"https://www.fidelity.com/quick-content/etf/help/research/learn_er_glossary_3.shtml","/learn-er-glossary-3.shtml"
1687,"learn er glossary 4.shtml",0,0,0,1,"https://www.fidelity.com/quick-content/etf/help/research/learn_er_glossary_4.shtml","/learn-er-glossary-4.shtml"
1688,"learn er managing searches.shtml",0,0,0,1,"https://www.fidelity.com/quick-content/etf/help/research/learn_er_managing_searches.shtml","/learn-er-managing-searches.shtml"
1689,"learn er my research.shtml",0,0,0,1,"https://www.fidelity.com/quick-content/etf/help/research/learn_er_my_research.shtml","/learn-er-my-research.shtml"
1690,"learn er own list.shtml",0,0,0,1,"https://www.fidelity.com/quick-content/etf/help/research/learn_er_own_list.shtml","/learn-er-own-list.shtml"
1691,"learn er preferred securities.shtml",0,0,0,1,"https://www.fidelity.com/quick-content/etf/help/research/learn_er_preferred_securities.shtml","/learn-er-preferred-securities.shtml"
1692,"learn er recently viewed.shtml",0,0,0,1,"https://www.fidelity.com/quick-content/etf/help/research/learn_er_recently_viewed.shtml","/learn-er-recently-viewed.shtml"
1693,"learn er snapshot new.shtml",0,0,0,1,"https://www.fidelity.com/quick-content/etf/help/research/learn_er_snapshot_new.shtml","/learn-er-snapshot-new.shtml"
1694,"learn er subscription content.shtml",0,0,0,1,"https://www.fidelity.com/quick-content/etf/help/research/learn_er_subscription_content.shtml","/learn-er-subscription-content.shtml"
1695,"learn er upgrades downgrades.shtml",0,0,0,1,"https://www.fidelity.com/quick-content/etf/help/research/learn_er_upgrades_downgrades.shtml","/learn-er-upgrades-downgrades.shtml"
1696,"learn er watch lists.shtml",0,0,0,1,"https://www.fidelity.com/quick-content/etf/help/research/learn_er_watch_lists.shtml","/learn-er-watch-lists.shtml"
1697,"health care in retirement",0,0,0,1,"https://www.fidelity.com/retirement-planning/health-care-in-retirement","/health-care-in-retirement"
1698,"faqs rewards credit cards",0,0,0,1,"https://www.fidelity.com/spend-save/faqs-rewards-credit-cards","/faqs-rewards-credit-cards"
1699,"manage your credit card",0,0,0,1,"https://www.fidelity.com/spend-save/manage-your-credit-card","/manage-your-credit-card"
1700,"save as you earn",0,0,0,1,"https://www.fidelity.com/stock-plan-services/global/save-as-you-earn","/save-as-you-earn"
1701,"taxes overview ey rmd",0,0,0,1,"https://www.fidelity.com/tax-information/taxes-overview-ey-rmd","/taxes-overview-ey-rmd"
1702,"asset location lower taxes",0,0,0,1,"https://www.fidelity.com/viewpoints/investing-ideas/asset-location-lower-taxes","/asset-location-lower-taxes"
1703,"sector investing business cycle",0,0,0,1,"https://www.fidelity.com/viewpoints/investing-ideas/sector-investing-business-cycle","/sector-investing-business-cycle"
1704,"how to start investing",0,0,0,1,"https://www.fidelity.com/viewpoints/personal-finance/how-to-start-investing","/how-to-start-investing"
1705,"protect finances if widowed",0,0,0,1,"https://www.fidelity.com/viewpoints/personal-finance/protect-finances-if-widowed","/protect-finances-if-widowed"
1706,"3 retirement building blocks",0,0,0,1,"https://www.fidelity.com/viewpoints/retirement/3-retirement-building-blocks","/3-retirement-building-blocks"
1707,"working in retirement part2",0,0,0,1,"https://www.fidelity.com/viewpoints/retirement/working-in-retirement-part2","/working-in-retirement-part2"
1708,"hsas and your retirement",0,0,0,1,"https://www.fidelity.com/viewpoints/wealth-management/hsas-and-your-retirement","/hsas-and-your-retirement"
1709,"strategies for family businesses",0,0,0,1,"https://www.fidelity.com/viewpoints/wealth-management/insights/strategies-for-family-businesses","/strategies-for-family-businesses"
1710,"ameriprise credit card faqs",0,0,0,1,"https://www.ameriprise.com/customer-service/ameriprise-credit-card-faqs","/ameriprise-credit-card-faqs"
1711,"saving for college options",0,0,0,1,"https://www.ameriprise.com/financial-goals-priorities/education-planning/saving-for-college-options","/saving-for-college-options"
1712,"reduce taxable value estate",0,0,0,1,"https://www.ameriprise.com/financial-goals-priorities/family-estate/reduce-taxable-value-estate","/reduce-taxable-value-estate"
1713,"benefits health savings accounts",0,0,0,1,"https://www.ameriprise.com/financial-goals-priorities/insurance-health/benefits-health-savings-accounts","/benefits-health-savings-accounts"
1714,"health insurance open enrollment",0,0,0,1,"https://www.ameriprise.com/financial-goals-priorities/insurance-health/health-insurance-open-enrollment","/health-insurance-open-enrollment"
1715,"losing health insurance coverage",0,0,0,1,"https://www.ameriprise.com/financial-goals-priorities/insurance-health/losing-health-insurance-coverage","/losing-health-insurance-coverage"
1716,"retirement health care costs",0,0,0,1,"https://www.ameriprise.com/financial-goals-priorities/insurance-health/retirement-health-care-costs","/retirement-health-care-costs"
1717,"unexpected financial events insurance",0,0,0,1,"https://www.ameriprise.com/financial-goals-priorities/insurance-health/unexpected-financial-events-insurance","/unexpected-financial-events-insurance"
1718,"align investments financial goals",0,0,0,1,"https://www.ameriprise.com/financial-goals-priorities/investing/align-investments-financial-goals","/align-investments-financial-goals"
1719,"real estate investing strategies",0,0,0,1,"https://www.ameriprise.com/financial-goals-priorities/investing/real-estate-investing-strategies","/real-estate-investing-strategies"
1720,"short term investing tips",0,0,0,1,"https://www.ameriprise.com/financial-goals-priorities/investing/short-term-investing-tips","/short-term-investing-tips"
1721,"what is sustainable investing",0,0,0,1,"https://www.ameriprise.com/financial-goals-priorities/investing/what-is-sustainable-investing","/what-is-sustainable-investing"
1722,"saving for childs future",0,0,0,1,"https://www.ameriprise.com/financial-goals-priorities/personal-finance/saving-for-childs-future","/saving-for-childs-future"
1723,"strategies to minimize expenses",0,0,0,1,"https://www.ameriprise.com/financial-goals-priorities/personal-finance/strategies-to-minimize-expenses","/strategies-to-minimize-expenses"
1724,"7 top retirement tips",0,0,0,1,"https://www.ameriprise.com/financial-goals-priorities/retirement/7-top-retirement-tips","/7-top-retirement-tips"
1725,"how are annuities taxed",0,0,0,1,"https://www.ameriprise.com/financial-goals-priorities/retirement/how-are-annuities-taxed","/how-are-annuities-taxed"
1726,"minimize taxes in retirement",0,0,0,1,"https://www.ameriprise.com/financial-goals-priorities/retirement/minimize-taxes-in-retirement","/minimize-taxes-in-retirement"
1727,"withdraw retirement funds early",0,0,0,1,"https://www.ameriprise.com/financial-goals-priorities/retirement/withdraw-retirement-funds-early","/withdraw-retirement-funds-early"
1728,"ways to lower taxes",0,0,0,1,"https://www.ameriprise.com/financial-goals-priorities/taxes/ways-to-lower-taxes","/ways-to-lower-taxes"
1729,"higher rates new opportunities",0,0,0,1,"https://www.ameriprise.com/financial-news-research/insights/higher-rates-new-opportunities","/higher-rates-new-opportunities"
1730,"private credit risks 2026",0,0,0,1,"https://www.ameriprise.com/financial-news-research/insights/private-credit-risks-2026","/private-credit-risks-2026"
1731,"pet deductions 2015",0,0,0,1,"https://www.paycheckcity.com/insights/pet-deductions-2015","/pet-deductions-2015"
1732,"bonus take home",0,0,0,1,"https://www.paycheckcity.com/insights/bonus-take-home","/bonus-take-home"
1733,"2015 alabama taxes",0,0,0,1,"https://www.paycheckcity.com/insights/2015-alabama-taxes","/2015-alabama-taxes"
1734,"alabama state taxes",0,0,0,1,"https://www.paycheckcity.com/insights/alabama-state-taxes","/alabama-state-taxes"
1735,"calculators for kids",0,0,0,1,"https://www.paycheckcity.com/insights/calculators-for-kids","/calculators-for-kids"
1736,"2015 missouri taxes",0,0,0,1,"https://www.paycheckcity.com/insights/2015-missouri-taxes","/2015-missouri-taxes"
1737,"idaho state taxes",0,0,0,1,"https://www.paycheckcity.com/insights/idaho-state-taxes","/idaho-state-taxes"
1738,"ohio taxes 2015",0,0,0,1,"https://www.paycheckcity.com/insights/ohio-taxes-2015","/ohio-taxes-2015"
1739,"west virginia taxes",0,0,0,1,"https://www.paycheckcity.com/insights/west-virginia-taxes","/west-virginia-taxes"
1740,"new jersey taxes",0,0,0,1,"https://www.paycheckcity.com/insights/new-jersey-taxes","/new-jersey-taxes"
1741,"hawaii state taxes",0,0,0,1,"https://www.paycheckcity.com/insights/hawaii-state-taxes","/hawaii-state-taxes"
1742,"maine taxes 2015",0,0,0,1,"https://www.paycheckcity.com/insights/maine-taxes-2015","/maine-taxes-2015"
1743,"2015 louisiana taxes",0,0,0,1,"https://www.paycheckcity.com/insights/2015-louisiana-taxes","/2015-louisiana-taxes"
1744,"2015 nevada taxes",0,0,0,1,"https://www.paycheckcity.com/insights/2015-nevada-taxes","/2015-nevada-taxes"
1745,"idaho taxes 2015",0,0,0,1,"https://www.paycheckcity.com/insights/idaho-taxes-2015","/idaho-taxes-2015"
1746,"2015 delaware taxes",0,0,0,1,"https://www.paycheckcity.com/insights/2015-delaware-taxes","/2015-delaware-taxes"
1747,"2015 massachusetts taxes",0,0,0,1,"https://www.paycheckcity.com/insights/2015-massachusetts-taxes","/2015-massachusetts-taxes"
1748,"tennessee taxes 2015",0,0,0,1,"https://www.paycheckcity.com/insights/tennessee-taxes-2015","/tennessee-taxes-2015"
1749,"2015 iowa taxes",0,0,0,1,"https://www.paycheckcity.com/insights/2015-iowa-taxes","/2015-iowa-taxes"
1750,"2015 utah taxes",0,0,0,1,"https://www.paycheckcity.com/insights/2015-utah-taxes","/2015-utah-taxes"
1751,"2015 connecticut taxes",0,0,0,1,"https://www.paycheckcity.com/insights/2015-connecticut-taxes","/2015-connecticut-taxes"
1752,"colorado taxes 2015",0,0,0,1,"https://www.paycheckcity.com/insights/colorado-taxes-2015","/colorado-taxes-2015"
1753,"2015 alaska taxes",0,0,0,1,"https://www.paycheckcity.com/insights/2015-alaska-taxes","/2015-alaska-taxes"
1754,"georgia taxes 2015",0,0,0,1,"https://www.paycheckcity.com/insights/georgia-taxes-2015","/georgia-taxes-2015"
1755,"2015 minnesota taxes",0,0,0,1,"https://www.paycheckcity.com/insights/2015-minnesota-taxes","/2015-minnesota-taxes"
1756,"wyoming 2015 taxes",0,0,0,1,"https://www.paycheckcity.com/insights/wyoming-2015-taxes","/wyoming-2015-taxes"
1757,"2015 arkansas taxes",0,0,0,1,"https://www.paycheckcity.com/insights/2015-arkansas-taxes","/2015-arkansas-taxes"
1758,"mississippi 2015 taxes",0,0,0,1,"https://www.paycheckcity.com/insights/mississippi-2015-taxes","/mississippi-2015-taxes"
1759,"vermont state taxes",0,0,0,1,"https://www.paycheckcity.com/insights/vermont-state-taxes","/vermont-state-taxes"
1760,"texas taxes 2015",0,0,0,1,"https://www.paycheckcity.com/insights/texas-taxes-2015","/texas-taxes-2015"
1761,"2015 oregon taxes",0,0,0,1,"https://www.paycheckcity.com/insights/2015-oregon-taxes","/2015-oregon-taxes"
1762,"arizona taxes 2015",0,0,0,1,"https://www.paycheckcity.com/insights/arizona-taxes-2015","/arizona-taxes-2015"
1763,"2015 kansas taxes",0,0,0,1,"https://www.paycheckcity.com/insights/2015-kansas-taxes","/2015-kansas-taxes"
1764,"2015 virginia taxes",0,0,0,1,"https://www.paycheckcity.com/insights/2015-virginia-taxes","/2015-virginia-taxes"
1765,"2015 illinois taxes",0,0,0,1,"https://www.paycheckcity.com/insights/2015-illinois-taxes","/2015-illinois-taxes"
1766,"2015 maryland taxes",0,0,0,1,"https://www.paycheckcity.com/insights/2015-maryland-taxes","/2015-maryland-taxes"
1767,"2015 montana taxes",0,0,0,1,"https://www.paycheckcity.com/insights/2015-montana-taxes","/2015-montana-taxes"
1768,"2015 wisconsin taxes",0,0,0,1,"https://www.paycheckcity.com/insights/2015-wisconsin-taxes","/2015-wisconsin-taxes"
1769,"alaska state taxes",0,0,0,1,"https://www.paycheckcity.com/insights/alaska-state-taxes","/alaska-state-taxes"
1770,"michigan taxes 2015",0,0,0,1,"https://www.paycheckcity.com/insights/michigan-taxes-2015","/michigan-taxes-2015"
1771,"vermont 2015 taxes",0,0,0,1,"https://www.paycheckcity.com/insights/vermont-2015-taxes","/vermont-2015-taxes"
1772,"calculate federal taxes",0,0,0,1,"https://www.paycheckcity.com/insights/calculate-federal-taxes","/calculate-federal-taxes"
1773,"private label calculators",0,0,0,1,"https://www.paycheckcity.com/private-label-calculators","/private-label-calculators"
1774,"savings calculator now",0,0,0,1,"http://www.calcxml.com/calculators/savings-calculator-now?skn=368","/savings-calculator-now"
1775,"checkbook balancer calculator",0,0,0,1,"http://www.calcxml.com/calculators/checkbook-balancer-calculator","/checkbook-balancer-calculator"
1776,"saving for college",0,0,0,1,"http://www.calcxml.com/calculators/saving-for-college","/saving-for-college"
1777,"too much debt",0,0,0,1,"http://www.calcxml.com/calculators/too-much-debt","/too-much-debt"
1778,"extra payment calculator",0,0,0,1,"http://www.calcxml.com/calculators/extra-payment-calculator","/extra-payment-calculator"
1779,"savings goal calculator",0,0,0,1,"http://www.calcxml.com/calculators/savings-goal-calculator","/savings-goal-calculator"
1780,"savings calculator growth",0,0,0,1,"http://www.calcxml.com/calculators/savings-calculator-growth","/savings-calculator-growth"
1781,"auto refinance calculator",0,0,0,1,"http://www.calcxml.com/calculators/auto-refinance-calculator","/auto-refinance-calculator"
1782,"section 179 deduction",0,0,0,1,"http://www.calcxml.com/calculators/section-179-deduction","/section-179-deduction"
1783,"survivor life insurance",0,0,0,1,"http://www.calcxml.com/calculators/survivor-life-insurance","/survivor-life-insurance"
1784,"survivor life insurance.pdf",0,0,0,1,"http://www.calcxml.com/downloads/survivor-life-insurance.pdf","/survivor-life-insurance.pdf"
1785,"credit score calculator",0,0,0,1,"http://www.calcxml.com/calculators/credit-score-calculator","/credit-score-calculator"
1786,"retirement plan annuities",0,0,0,1,"https://www.tiaa.org/public/retire/financial-products/annuities/retirement-plan-annuities","/retirement-plan-annuities"
1787,"457b retirement plan",0,0,0,1,"https://www.tiaa.org/public/retire/financial-products/457b-retirement-plan","/457b-retirement-plan"
1788,"inheriting retirement account",0,0,0,1,"https://www.tiaa.org/public/retire/life-essentials/what-to-do-after-someone-dies/inheriting-retirement-account","/inheriting-retirement-account"
1789,"saving for education",0,0,0,1,"https://www.tiaa.org/public/retire/life-essentials/saving-for-education","/saving-for-education"
1790,"interest rate disclosure",0,0,0,1,"https://www.tiaa.org/public/invest/financial-products/brokerage-accounts/interest-rate-disclosure","/interest-rate-disclosure"
1791,"health savings account",0,0,0,1,"https://www.tiaa.org/public/invest/financial-products/health-savings-account","/health-savings-account"
1792,"529 college savings",0,0,0,1,"https://www.tiaa.org/public/invest/financial-products/529-college-savings","/529-college-savings"
1793,"healthcare for retirement",0,0,0,1,"https://www.tiaa.org/public/invest/services/wealth-management/perspectives/healthcare-for-retirement","/healthcare-for-retirement"
1794,"investment planning lessons",0,0,0,1,"https://www.tiaa.org/public/invest/services/wealth-management/perspectives/investment-planning-lessons","/investment-planning-lessons"
1795,"esg investing trends",0,0,0,1,"https://www.tiaa.org/public/invest/services/wealth-management/perspectives/esg-investing-trends","/esg-investing-trends"
1796,"managing your money",0,0,0,1,"https://www.tiaa.org/public/learn/retirement-planning-and-beyond/managing-your-money","/managing-your-money"
1797,"retirement policy solutions",0,0,0,1,"https://www.tiaa.org/public/learn/retirement-planning-and-beyond/retirement-bill-of-rights/retirement-policy-solutions","/retirement-policy-solutions"
1798,"retirement plan investments",0,0,0,1,"https://www.tiaa.org/public/learn/financial-essentials/retirement-plan-investments","/retirement-plan-investments"
1799,"corporate governance leadership",0,0,0,1,"https://www.tiaa.org/public/about-tiaa/corporate-governance-leadership","/corporate-governance-leadership"
1800,"retirement trends insights",0,0,0,1,"https://www.tiaa.org/public/plansponsors/insights/thought-leadership/retirement-trends-insights","/retirement-trends-insights"
1801,"cybersecurity retirement industry",0,0,0,1,"https://www.tiaa.org/public/plansponsors/insights/thought-leadership/retirement-industry-trends/cybersecurity-retirement-industry","/cybersecurity-retirement-industry"
1802,"retirement crisis solutions",0,0,0,1,"https://www.tiaa.org/public/plansponsors/insights/tmrw/edition-1/retirement-crisis-solutions","/retirement-crisis-solutions"
1803,"modernizing erisa retirement",0,0,0,1,"https://www.tiaa.org/public/plansponsors/insights/tmrw/edition-4/modernizing-erisa-retirement","/modernizing-erisa-retirement"
1804,"retirement readiness preparation",0,0,0,1,"https://www.tiaa.org/public/plansponsors/insights/tmrw/edition-7/retirement-readiness-preparation","/retirement-readiness-preparation"
1805,"retirement plan management",0,0,0,1,"https://www.tiaa.org/public/plansponsors/retirement-plan-management","/retirement-plan-management"
1806,"how we invest",0,0,0,1,"https://www.tiaa.org/public/plansponsors/how-we-invest","/how-we-invest"
1807,"retireplus select pro",0,0,0,1,"https://www.tiaa.org/public/plansponsors/retireplus-select-pro","/retireplus-select-pro"
1808,"women and retirement",0,0,0,1,"https://www.tiaa.org/public/institute/publication/1999/women-and-retirement","/women-and-retirement"
1809,"adequacy life insurance",0,0,0,1,"https://www.tiaa.org/public/institute/publication/2002/adequacy-life-insurance","/adequacy-life-insurance"
1810,"value phased retirement",0,0,0,1,"https://www.tiaa.org/public/institute/publication/2004/value-phased-retirement","/value-phased-retirement"
1811,"faculty retirement plans",0,0,0,1,"https://www.tiaa.org/public/institute/publication/2015/faculty-retirement-plans","/faculty-retirement-plans"
1812,"hispanic personal finances",0,0,0,1,"https://www.tiaa.org/public/institute/publication/2015/hispanic-personal-finances","/hispanic-personal-finances"
1813,"choice architecture retirement",0,0,0,1,"https://www.tiaa.org/public/institute/publication/2016/choice-architecture-retirement","/choice-architecture-retirement"
1814,"cultivating strategic innovation",0,0,0,1,"https://www.tiaa.org/public/institute/publication/2016/cultivating-strategic-innovation","/cultivating-strategic-innovation"
1815,"transitioning presidency retirement",0,0,0,1,"https://www.tiaa.org/public/institute/publication/2016/transitioning-presidency-retirement","/transitioning-presidency-retirement"
1816,"millennials and money",0,0,0,1,"https://www.tiaa.org/public/institute/publication/2020/millennials-and-money","/millennials-and-money"
1817,"retirement plan design",0,0,0,1,"https://www.tiaa.org/public/institute/about/retirement-plan-design","/retirement-plan-design"
1818,"james c hearn",0,0,0,1,"https://www.tiaa.org/public/institute/about/people/james-c-hearn","/james-c-hearn"
1819,"personal finance index",0,0,0,1,"https://www.tiaa.org/public/institute/about/news/personal-finance-index","/personal-finance-index"
1820,"cornell retirement plans",0,0,0,1,"https://www.tiaa.org/public/land/cornell_retirement_plans","/cornell-retirement-plans"
1821,"yale retirement changes",0,0,0,1,"https://www.tiaa.org/public/land/yale-retirement-changes","/yale-retirement-changes"
1822,"tiaa traditional rates",0,0,0,1,"https://www.tiaa.org/public/land/tiaa-traditional-rates","/tiaa-traditional-rates"
1823,"cuny responsible investing",0,0,0,1,"https://www.tiaa.org/public/land/cuny-responsible-investing","/cuny-responsible-investing"
1824,"retirement plan participation",0,0,0,1,"https://www.tiaa.org/public/b2b/thought-leadership/modernizing-the-default/retirement-plan-participation","/retirement-plan-participation"
1825,"qdia retirement plan",0,0,0,1,"https://www.tiaa.org/public/b2b/thought-leadership/modernizing-the-default/qdia-retirement-plan","/qdia-retirement-plan"
1826,"finance leaders exchange",0,0,0,1,"https://www.tiaa.org/public/b2b/thought-leadership/finance-leaders-exchange","/finance-leaders-exchange"
1827,"retirement emergency fund",0,0,0,1,"https://www.tiaa.org/public/education/essentials/annuitization/retirement-emergency-fund","/retirement-emergency-fund"
1828,"more saving options",0,0,0,1,"https://www.tiaa.org/public/education/essentials/workplace-retirement-plan/more-saving-options","/more-saving-options"
1829,"workplace retirement plan",0,0,0,1,"https://www.tiaa.org/public/education/essentials/workplace-retirement-plan","/workplace-retirement-plan"
1830,"retirement simulator flow",0,0,0,1,"https://www.tiaa.org/public/retirement-simulator-flow","/retirement-simulator-flow"
1831,"corporate governance accountability",0,0,0,1,"https://www.tiaa.org/public/about-tiaa/how-we-help/corporate-governance-accountability","/corporate-governance-accountability"
1832,"tiaa retirement checkup",0,0,0,1,"https://www.tiaa.org/public/land/tiaa-retirement-checkup","/tiaa-retirement-checkup"
1833,"personal finance 101",0,0,0,1,"https://www.tiaa.org/public/learn/personal-finance-101","/personal-finance-101"
1834,"balancing current debt",0,0,0,1,"https://www.tiaa.org/public/learn/personal-finance-101/balancing-current-debt","/balancing-current-debt"
1835,"building a budget",0,0,0,1,"https://www.tiaa.org/public/learn/personal-finance-101/building-a-budget","/building-a-budget"
1836,"invest in yourself",0,0,0,1,"https://www.tiaa.org/public/learn/prepare-unexpected/invest-in-yourself","/invest-in-yourself"
1837,"family money matters",0,0,0,1,"https://www.tiaa.org/public/land/family-money-matters","/family-money-matters"
1838,"personalized retirement planning",0,0,0,1,"https://www.tiaa.org/public/learn/retirement-planning-and-beyond/personalized-retirement-planning","/personalized-retirement-planning"
1839,"retirement advice today",0,0,0,1,"https://www.tiaa.org/public/land/retire-inequality/retirement-advice-today","/retirement-advice-today"
1840,"interest rates increase",0,0,0,1,"https://www.tiaa.org/public/land/interest-rates-increase","/interest-rates-increase"
1841,"investment profile updates",0,0,0,1,"https://www.tiaa.org/public/land/investment-profile-updates","/investment-profile-updates"
1842,"products iras taxseasonnonownu65",0,0,0,1,"https://www.tiaa.org/public/land/products-iras-taxseasonNONOWNU65","/products-iras-taxseasonnonownu65"
1843,"consolidate retirement accounts",0,0,0,1,"https://www.tiaa.org/public/learn/retirement-planning-and-beyond/consolidate-retirement-accounts","/consolidate-retirement-accounts"
1844,"preparing for retirement1",0,0,0,1,"https://www.tiaa.org/public/retire/services/preparing-for-retirement1","/preparing-for-retirement1"
1845,"compound interest retirement",0,0,0,1,"https://www.tiaa.org/public/education/essentials/annuitization/compound-interest-retirement","/compound-interest-retirement"
1846,"lines of credit",0,0,0,1,"https://www.wellsfargo.com/biz/business-credit/lines-of-credit/","/lines-of-credit"
1847,"payment processing options",0,0,0,1,"https://www.wellsfargo.com/biz/merchant/payment-processing-options/","/payment-processing-options"
1848,"payment processing pricing",0,0,0,1,"https://www.wellsfargo.com/biz/merchant/payment-processing-pricing/","/payment-processing-pricing"
1849,"debt capital markets",0,0,0,1,"https://www.wellsfargo.com/cib/disclaimer/debt-capital-markets/","/debt-capital-markets"
1850,"thermostat of investment",0,0,0,1,"https://www.wellsfargo.com/com/insights/agri-food-intelligence/thermostat-of-investment/","/thermostat-of-investment"
1851,"global payments liquidity",0,0,0,1,"https://www.wellsfargo.com/com/solutions/global-payments-liquidity/","/global-payments-liquidity"
1852,"strategic capital leadership",0,0,0,1,"https://www.wellsfargo.com/com/solutions/strategic-capital-leadership/","/strategic-capital-leadership"
1853,"payment relief options",0,0,0,1,"https://www.wellsfargo.com/es/financial-assistance/payment-relief-options/","/payment-relief-options"
1854,"cant pay loans",0,0,0,1,"https://www.wellsfargo.com/es/financial-education/basic-finances/financial-challenges/income/cant-pay-loans/","/cant-pay-loans"
1855,"credit and debt",0,0,0,1,"https://www.wellsfargo.com/es/financial-health/credit-and-debt/","/credit-and-debt"
1856,"compare borrowing options",0,0,0,1,"https://www.wellsfargo.com/es/goals-credit/compare-borrowing-options/","/compare-borrowing-options"
1857,"build your credit",0,0,0,1,"https://www.wellsfargo.com/es/goals-credit/smarter-credit/establish-credit/build-your-credit/","/build-your-credit"
1858,"first credit account",0,0,0,1,"https://www.wellsfargo.com/es/goals-credit/smarter-credit/establish-credit/first-credit-account/","/first-credit-account"
1859,"good credit habits",0,0,0,1,"https://www.wellsfargo.com/es/goals-credit/smarter-credit/improve-credit/good-credit-habits/","/good-credit-habits"
1860,"difficulty making payments",0,0,0,1,"https://www.wellsfargo.com/es/goals-credit/smarter-credit/manage-your-debt/difficulty-making-payments/","/difficulty-making-payments"
1861,"lower monthly payments",0,0,0,1,"https://www.wellsfargo.com/es/goals-credit/smarter-credit/manage-your-debt/lower-monthly-payments/","/lower-monthly-payments"
1862,"instant payments faqs",0,0,0,1,"https://www.wellsfargo.com/es/help/online-banking/instant-payments-faqs/","/instant-payments-faqs"
1863,"financial tools services",0,0,0,1,"https://www.wellsfargo.com/es/mobile-online-banking/financial-tools-services/","/financial-tools-services"
1864,"cash out refinance",0,0,0,1,"https://www.wellsfargo.com/es/mortgage/mortgage-refinance/cash-out-refinance/","/cash-out-refinance"
1865,"online payment scams",0,0,0,1,"https://www.wellsfargo.com/es/privacy-security/fraud/bank-scams/online-payment-scams/","/online-payment-scams"
1866,"manage your debt",0,0,0,1,"https://www.wellsfargo.com/goals-credit/smarter-credit/manage-your-debt/","/manage-your-debt"
1867,"investing and retirement",0,0,0,1,"https://www.wellsfargo.com/help/investing-and-retirement/","/investing-and-retirement"
1868,"auto loans faqs",0,0,0,1,"https://www.wellsfargo.com/help/loans/auto-loans-faqs/","/auto-loans-faqs"
1869,"education savings account",0,0,0,1,"https://www.wellsfargo.com/investing/education/education-savings-account/","/education-savings-account"
1870,"home affordability calculator",0,0,0,1,"https://www.wellsfargo.com/mortgage/calculators/home-affordability-calculator/","/home-affordability-calculator"
1871,"homeowners insurance coverage",0,0,0,1,"https://www.wellsfargo.com/mortgage/learn/homeowners-insurance-coverage/","/homeowners-insurance-coverage"
1872,"understanding homeowner taxes",0,0,0,1,"https://www.wellsfargo.com/mortgage/learn/understanding-homeowner-taxes/","/understanding-homeowner-taxes"
1873,"auto repair loans",0,0,0,1,"https://www.wellsfargo.com/personal-loans/auto-repair-loans/","/auto-repair-loans"
1874,"family planning loans",0,0,0,1,"https://www.wellsfargo.com/personal-loans/family-planning-loans/","/family-planning-loans"
1875,"pet care loans",0,0,0,1,"https://www.wellsfargo.com/personal-loans/pet-care-loans/","/pet-care-loans"
1876,"stafford memorial trust",0,0,0,1,"https://www.wellsfargo.com/private-foundations/stafford-memorial-trust/","/stafford-memorial-trust"
1877,"arizona investment options",0,0,0,1,"https://www.fidelity.com/529-plans/arizona-investment-options","/arizona-investment-options"
1878,"delaware investment options",0,0,0,1,"https://www.fidelity.com/529-plans/delaware-investment-options","/delaware-investment-options"
1879,"massachusetts investment options",0,0,0,1,"https://www.fidelity.com/529-plans/massachusetts-investment-options","/massachusetts-investment-options"
1880,"investor centers alabama",0,0,0,1,"https://www.fidelity.com/branches/investor-centers-alabama","/investor-centers-alabama"
1881,"investor centers arizona",0,0,0,1,"https://www.fidelity.com/branches/investor-centers-arizona","/investor-centers-arizona"
1882,"investor centers arkansas",0,0,0,1,"https://www.fidelity.com/branches/investor-centers-arkansas","/investor-centers-arkansas"
1883,"investor centers california",0,0,0,1,"https://www.fidelity.com/branches/investor-centers-california","/investor-centers-california"
1884,"investor centers colorado",0,0,0,1,"https://www.fidelity.com/branches/investor-centers-colorado","/investor-centers-colorado"
1885,"investor centers connecticut",0,0,0,1,"https://www.fidelity.com/branches/investor-centers-connecticut","/investor-centers-connecticut"
1886,"investor centers delaware",0,0,0,1,"https://www.fidelity.com/branches/investor-centers-delaware","/investor-centers-delaware"
1887,"investor centers florida",0,0,0,1,"https://www.fidelity.com/branches/investor-centers-florida","/investor-centers-florida"
1888,"investor centers georgia",0,0,0,1,"https://www.fidelity.com/branches/investor-centers-georgia","/investor-centers-georgia"
1889,"investor centers idaho",0,0,0,1,"https://www.fidelity.com/branches/investor-centers-idaho","/investor-centers-idaho"
1890,"investor centers illinois",0,0,0,1,"https://www.fidelity.com/branches/investor-centers-illinois","/investor-centers-illinois"
1891,"investor centers indiana",0,0,0,1,"https://www.fidelity.com/branches/investor-centers-indiana","/investor-centers-indiana"
1892,"investor centers kansas",0,0,0,1,"https://www.fidelity.com/branches/investor-centers-kansas","/investor-centers-kansas"
1893,"investor centers kentucky",0,0,0,1,"https://www.fidelity.com/branches/investor-centers-kentucky","/investor-centers-kentucky"
1894,"investor centers maine",0,0,0,1,"https://www.fidelity.com/branches/investor-centers-maine","/investor-centers-maine"
1895,"investor centers maryland",0,0,0,1,"https://www.fidelity.com/branches/investor-centers-maryland","/investor-centers-maryland"
1896,"investor centers massachusetts",0,0,0,1,"https://www.fidelity.com/branches/investor-centers-massachusetts","/investor-centers-massachusetts"
1897,"investor centers michigan",0,0,0,1,"https://www.fidelity.com/branches/investor-centers-michigan","/investor-centers-michigan"
1898,"investor centers minnesota",0,0,0,1,"https://www.fidelity.com/branches/investor-centers-minnesota","/investor-centers-minnesota"
1899,"investor centers missouri",0,0,0,1,"https://www.fidelity.com/branches/investor-centers-missouri","/investor-centers-missouri"
1900,"investor centers nevada",0,0,0,1,"https://www.fidelity.com/branches/investor-centers-nevada","/investor-centers-nevada"
1901,"investor centers ohio",0,0,0,1,"https://www.fidelity.com/branches/investor-centers-ohio","/investor-centers-ohio"
1902,"investor centers oklahoma",0,0,0,1,"https://www.fidelity.com/branches/investor-centers-oklahoma","/investor-centers-oklahoma"
1903,"investor centers oregon",0,0,0,1,"https://www.fidelity.com/branches/investor-centers-oregon","/investor-centers-oregon"
1904,"investor centers pennsylvania",0,0,0,1,"https://www.fidelity.com/branches/investor-centers-pennsylvania","/investor-centers-pennsylvania"
1905,"investor centers tennessee",0,0,0,1,"https://www.fidelity.com/branches/investor-centers-tennessee","/investor-centers-tennessee"
1906,"investor centers texas",0,0,0,1,"https://www.fidelity.com/branches/investor-centers-texas","/investor-centers-texas"
1907,"investor centers utah",0,0,0,1,"https://www.fidelity.com/branches/investor-centers-utah","/investor-centers-utah"
1908,"investor centers virginia",0,0,0,1,"https://www.fidelity.com/branches/investor-centers-virginia","/investor-centers-virginia"
1909,"investor centers washington",0,0,0,1,"https://www.fidelity.com/branches/investor-centers-washington","/investor-centers-washington"
1910,"investor centers wisconsin",0,0,0,1,"https://www.fidelity.com/branches/investor-centers-wisconsin","/investor-centers-wisconsin"
1911,"budgeting debt management",0,0,0,1,"https://www.fidelity.com/calculators-tools/budgeting-debt-management","/budgeting-debt-management"
1912,"search compare investments",0,0,0,1,"https://www.fidelity.com/calculators-tools/investing/search-compare-investments","/search-compare-investments"
1913,"transfer money in",0,0,0,1,"https://www.fidelity.com/crypto/help/transfer-money-in","/transfer-money-in"
1914,"transfer money out",0,0,0,1,"https://www.fidelity.com/crypto/help/transfer-money-out","/transfer-money-out"
1915,"investing in etfs",0,0,0,1,"https://www.fidelity.com/etfs/investing-in-etfs","/investing-in-etfs"
1916,"learn about etfs",0,0,0,1,"https://www.fidelity.com/etfs/learn-about-etfs","/learn-about-etfs"
1917,"bond ladder tool",0,0,0,1,"https://www.fidelity.com/fixed-income-bonds/fixed-income-tools-services/bond-ladder-tool","/bond-ladder-tool"
1918,"corporate notes program",0,0,0,1,"https://www.fidelity.com/fixed-income-bonds/individual-bonds/corporate-bonds/corporate-notes-program","/corporate-notes-program"
1919,"corporate actions glossary",0,0,0,1,"https://www.fidelity.com/glossary/corporate-actions-glossary","/corporate-actions-glossary"
1920,"alternative investments faqs",0,0,0,1,"https://www.fidelity.com/go/alternative-investments/alternative-investments-faqs","/alternative-investments-faqs"
1921,"liquid alternative investments",0,0,0,1,"https://www.fidelity.com/go/alternative-investments/liquid-alternative-investments","/liquid-alternative-investments"
1922,"liquid investments strategies",0,0,0,1,"https://www.fidelity.com/go/alternative-investments/liquid-investments-strategies","/liquid-investments-strategies"
1923,"private alternative investments",0,0,0,1,"https://www.fidelity.com/go/alternative-investments/private-alternative-investments","/private-alternative-investments"
1924,"long term savings",0,0,0,1,"https://www.fidelity.com/go/long-term-savings","/long-term-savings"
1925,"short term savings",0,0,0,1,"https://www.fidelity.com/go/short-term-savings","/short-term-savings"
1926,"choose money goal",0,0,0,1,"https://www.fidelity.com/go/womens-investing/choose-money-goal","/choose-money-goal"
1927,"her money podcast",0,0,0,1,"https://www.fidelity.com/go/womens-investing/her-money-podcast","/her-money-podcast"
1928,"election affect investors",0,0,0,1,"https://www.fidelity.com/insights/markets-economy/election-affect-investors","/election-affect-investors"
1929,"in the money",0,0,0,1,"https://www.fidelity.com/learning-center/in-the-money","/in-the-money"
1930,"factor based investing",0,0,0,1,"https://www.fidelity.com/learning-center/investment-products/etf/factor-based-investing","/factor-based-investing"
1931,"bond investment strategies",0,0,0,1,"https://www.fidelity.com/learning-center/investment-products/fixed-income-bonds/bond-investment-strategies","/bond-investment-strategies"
1932,"investing basics video",0,0,0,1,"https://www.fidelity.com/learning-center/investment-products/investing-basics-video","/investing-basics-video"
1933,"about commodity investing",0,0,0,1,"https://www.fidelity.com/learning-center/investment-products/mutual-funds/about-commodity-investing","/about-commodity-investing"
1934,"single fund strategies",0,0,0,1,"https://www.fidelity.com/learning-center/investment-products/mutual-funds/single-fund-strategies","/single-fund-strategies"
1935,"divorce and insurance",0,0,0,1,"https://www.fidelity.com/learning-center/life-events/divorce-and-insurance","/divorce-and-insurance"
1936,"home improvement loans",0,0,0,1,"https://www.fidelity.com/learning-center/life-events/home-improvement-loans","/home-improvement-loans"
1937,"money and marriage",0,0,0,1,"https://www.fidelity.com/learning-center/life-events/money-and-marriage","/money-and-marriage"
1938,"money in relationships",0,0,0,1,"https://www.fidelity.com/learning-center/life-events/money-in-relationships","/money-in-relationships"
1939,"self employed insurance",0,0,0,1,"https://www.fidelity.com/learning-center/life-events/self-employed-insurance","/self-employed-insurance"
1940,"investing for beginners",0,0,0,1,"https://www.fidelity.com/learning-center/money-unscripted/investing-for-beginners","/investing-for-beginners"
1941,"paying off debt",0,0,0,1,"https://www.fidelity.com/learning-center/money-unscripted/paying-off-debt","/paying-off-debt"
1942,"retirement your way",0,0,0,1,"https://www.fidelity.com/learning-center/money-unscripted/retirement-your-way","/retirement-your-way"
1943,"wealth building strategies",0,0,0,1,"https://www.fidelity.com/learning-center/money-unscripted/wealth-building-strategies","/wealth-building-strategies"
1944,"women and money",0,0,0,1,"https://www.fidelity.com/learning-center/money-unscripted/women-and-money","/women-and-money"
1945,"2026 money trends",0,0,0,1,"https://www.fidelity.com/learning-center/personal-finance/2026-money-trends","/2026-money-trends"
1946,"529 saving benefits",0,0,0,1,"https://www.fidelity.com/learning-center/personal-finance/529-saving-benefits","/529-saving-benefits"
1947,"6000 senior deduction",0,0,0,1,"https://www.fidelity.com/learning-center/personal-finance/6000-senior-deduction","/6000-senior-deduction"
1948,"american opportunity credit",0,0,0,1,"https://www.fidelity.com/learning-center/personal-finance/american-opportunity-credit","/american-opportunity-credit"
1949,"avalanche snowball debt",0,0,0,1,"https://www.fidelity.com/learning-center/personal-finance/avalanche-snowball-debt","/avalanche-snowball-debt"
1950,"average retirement savings",0,0,0,1,"https://www.fidelity.com/learning-center/personal-finance/average-retirement-savings","/average-retirement-savings"
1951,"bear market investing",0,0,0,1,"https://www.fidelity.com/learning-center/personal-finance/bear-market-investing","/bear-market-investing"
1952,"benefits of investing",0,0,0,1,"https://www.fidelity.com/learning-center/personal-finance/benefits-of-investing","/benefits-of-investing"
1953,"strategies student loans",0,0,0,1,"https://www.fidelity.com/learning-center/personal-finance/college-planning/strategies-student-loans","/strategies-student-loans"
1954,"credit card fees",0,0,0,1,"https://www.fidelity.com/learning-center/personal-finance/credit-card-fees","/credit-card-fees"
1955,"credit cards 30",0,0,0,1,"https://www.fidelity.com/learning-center/personal-finance/credit-cards-30","/credit-cards-30"
1956,"family money meeting",0,0,0,1,"https://www.fidelity.com/learning-center/personal-finance/family-money-meeting","/family-money-meeting"
1957,"gender gap retirement",0,0,0,1,"https://www.fidelity.com/learning-center/personal-finance/gender-gap-retirement","/gender-gap-retirement"
1958,"hidden investment fees",0,0,0,1,"https://www.fidelity.com/learning-center/personal-finance/hidden-investment-fees","/hidden-investment-fees"
1959,"identifying savings goals",0,0,0,1,"https://www.fidelity.com/learning-center/personal-finance/identifying-savings-goals","/identifying-savings-goals"
1960,"investing excess cash",0,0,0,1,"https://www.fidelity.com/learning-center/personal-finance/investing-excess-cash","/investing-excess-cash"
1961,"investing trading education",0,0,0,1,"https://www.fidelity.com/learning-center/personal-finance/investing-trading-education","/investing-trading-education"
1962,"investment savvy kids",0,0,0,1,"https://www.fidelity.com/learning-center/personal-finance/investment-savvy-kids","/investment-savvy-kids"
1963,"kids and money",0,0,0,1,"https://www.fidelity.com/learning-center/personal-finance/kids-and-money","/kids-and-money"
1964,"life insurance quote",0,0,0,1,"https://www.fidelity.com/learning-center/personal-finance/life-insurance-quote","/life-insurance-quote"
1965,"lifetime learning credit",0,0,0,1,"https://www.fidelity.com/learning-center/personal-finance/lifetime-learning-credit","/lifetime-learning-credit"
1966,"low risk investments",0,0,0,1,"https://www.fidelity.com/learning-center/personal-finance/low-risk-investments","/low-risk-investments"
1967,"master your money",0,0,0,1,"https://www.fidelity.com/learning-center/personal-finance/master-your-money","/master-your-money"
1968,"mega backdoor roth",0,0,0,1,"https://www.fidelity.com/learning-center/personal-finance/mega-backdoor-roth","/mega-backdoor-roth"
1969,"new investor quiz",0,0,0,1,"https://www.fidelity.com/learning-center/personal-finance/new-investor-quiz","/new-investor-quiz"
1970,"nqdc state taxes",0,0,0,1,"https://www.fidelity.com/learning-center/personal-finance/nqdc-state-taxes","/nqdc-state-taxes"
1971,"repayment assistance plan",0,0,0,1,"https://www.fidelity.com/learning-center/personal-finance/repayment-assistance-plan","/repayment-assistance-plan"
1972,"2026 money moves",0,0,0,1,"https://www.fidelity.com/learning-center/personal-finance/retirement/2026-money-moves","/2026-money-moves"
1973,"nine reasons roth",0,0,0,1,"https://www.fidelity.com/learning-center/personal-finance/retirement/nine-reasons-roth","/nine-reasons-roth"
1974,"picture yourself retired",0,0,0,1,"https://www.fidelity.com/learning-center/personal-finance/retirement/picture-yourself-retired","/picture-yourself-retired"
1975,"planning your retirement",0,0,0,1,"https://www.fidelity.com/learning-center/personal-finance/retirement/planning-your-retirement","/planning-your-retirement"
1976,"retirement savings recovery",0,0,0,1,"https://www.fidelity.com/learning-center/personal-finance/retirement/retirement-savings-recovery","/retirement-savings-recovery"
1977,"focused roth conversion",0,0,0,1,"https://www.fidelity.com/learning-center/personal-finance/retirement/roth-iras-roth-ira-conversion/focused-roth-conversion","/focused-roth-conversion"
1978,"saving for retirement",0,0,0,1,"https://www.fidelity.com/learning-center/personal-finance/retirement/saving-for-retirement","/saving-for-retirement"
1979,"turbocharge childs retirement",0,0,0,1,"https://www.fidelity.com/learning-center/personal-finance/retirement/turbocharge-childs-retirement","/turbocharge-childs-retirement"
1980,"unplanned early retirement",0,0,0,1,"https://www.fidelity.com/learning-center/personal-finance/retirement/unplanned-early-retirement","/unplanned-early-retirement"
1981,"retirement asset allocation",0,0,0,1,"https://www.fidelity.com/learning-center/personal-finance/retirement-asset-allocation","/retirement-asset-allocation"
1982,"retirement or house",0,0,0,1,"https://www.fidelity.com/learning-center/personal-finance/retirement-or-house","/retirement-or-house"
1983,"salt deduction increase",0,0,0,1,"https://www.fidelity.com/learning-center/personal-finance/salt-deduction-increase","/salt-deduction-increase"
1984,"saving for vacation",0,0,0,1,"https://www.fidelity.com/learning-center/personal-finance/saving-for-vacation","/saving-for-vacation"
1985,"savings rate calculation",0,0,0,1,"https://www.fidelity.com/learning-center/personal-finance/savings-rate-calculation","/savings-rate-calculation"
1986,"spending and saving",0,0,0,1,"https://www.fidelity.com/learning-center/personal-finance/spending-and-saving","/spending-and-saving"
1987,"taxes in retirement",0,0,0,1,"https://www.fidelity.com/learning-center/personal-finance/taxes-in-retirement","/taxes-in-retirement"
1988,"taxes small business",0,0,0,1,"https://www.fidelity.com/learning-center/personal-finance/taxes-small-business","/taxes-small-business"
1989,"teach teens investing",0,0,0,1,"https://www.fidelity.com/learning-center/personal-finance/teach-teens-investing","/teach-teens-investing"
1990,"what is amortization",0,0,0,1,"https://www.fidelity.com/learning-center/personal-finance/what-is-amortization","/what-is-amortization"
1991,"your money routine",0,0,0,1,"https://www.fidelity.com/learning-center/personal-finance/your-money-routine","/your-money-routine"
1992,"529 contribution deduction",0,0,0,1,"https://www.fidelity.com/learning-center/smart-money/529-contribution-deduction","/529-contribution-deduction"
1993,"budget travel tips",0,0,0,1,"https://www.fidelity.com/learning-center/smart-money/budget-travel-tips","/budget-travel-tips"
1994,"cant afford rent",0,0,0,1,"https://www.fidelity.com/learning-center/smart-money/cant-afford-rent","/cant-afford-rent"
1995,"common retirement mistakes",0,0,0,1,"https://www.fidelity.com/learning-center/smart-money/common-retirement-mistakes","/common-retirement-mistakes"
1996,"digital nomad taxes",0,0,0,1,"https://www.fidelity.com/learning-center/smart-money/digital-nomad-taxes","/digital-nomad-taxes"
1997,"first investment guide",0,0,0,1,"https://www.fidelity.com/learning-center/smart-money/first-investment-guide","/first-investment-guide"
1998,"how to budget",0,0,0,1,"https://www.fidelity.com/learning-center/smart-money/how-to-budget","/how-to-budget"
1999,"investment accounts types",0,0,0,1,"https://www.fidelity.com/learning-center/smart-money/investment-accounts-types","/investment-accounts-types"
2000,"money savings challenges",0,0,0,1,"https://www.fidelity.com/learning-center/smart-money/money-savings-challenges","/money-savings-challenges"
2001,"trading vs investing",0,0,0,1,"https://www.fidelity.com/learning-center/smart-money/trading-vs-investing","/trading-vs-investing"
2002,"what are taxes",0,0,0,1,"https://www.fidelity.com/learning-center/smart-money/what-are-taxes","/what-are-taxes"
2003,"what is investing",0,0,0,1,"https://www.fidelity.com/learning-center/smart-money/what-is-investing","/what-is-investing"
2004,"zero based budgeting",0,0,0,1,"https://www.fidelity.com/learning-center/smart-money/zero-based-budgeting","/zero-based-budgeting"
2005,"disciplined investing video",0,0,0,1,"https://www.fidelity.com/learning-center/tools-demos/planning-guidance-tools/disciplined-investing-video","/disciplined-investing-video"
2006,"probability calculator video",0,0,0,1,"https://www.fidelity.com/learning-center/tools-demos/research-tools/probability-calculator-video","/probability-calculator-video"
2007,"bitcoin investment considerations",0,0,0,1,"https://www.fidelity.com/learning-center/trading-investing/bitcoin-investment-considerations","/bitcoin-investment-considerations"
2008,"chris lin earnings",0,0,0,1,"https://www.fidelity.com/learning-center/trading-investing/chris-lin-earnings","/chris-lin-earnings"
2009,"crypto taxes explained",0,0,0,1,"https://www.fidelity.com/learning-center/trading-investing/crypto/crypto-taxes-explained","/crypto-taxes-explained"
2010,"decentralized finance defined",0,0,0,1,"https://www.fidelity.com/learning-center/trading-investing/crypto/decentralized-finance-defined","/decentralized-finance-defined"
2011,"exit strategy video",0,0,0,1,"https://www.fidelity.com/learning-center/trading-investing/exit-strategy-video","/exit-strategy-video"
2012,"fidelity dividend reinvestment",0,0,0,1,"https://www.fidelity.com/learning-center/trading-investing/fidelity-dividend-reinvestment","/fidelity-dividend-reinvestment"
2013,"five investing ideas",0,0,0,1,"https://www.fidelity.com/learning-center/trading-investing/five-investing-ideas","/five-investing-ideas"
2014,"basics of debt",0,0,0,1,"https://www.fidelity.com/learning-center/trading-investing/fundamental-analysis/basics-of-debt","/basics-of-debt"
2015,"currency and debt",0,0,0,1,"https://www.fidelity.com/learning-center/trading-investing/fundamental-analysis/currency-and-debt","/currency-and-debt"
2016,"earnings dividends valuation",0,0,0,1,"https://www.fidelity.com/learning-center/trading-investing/fundamental-analysis/earnings-dividends-valuation","/earnings-dividends-valuation"
2017,"investing in bitcoin",0,0,0,1,"https://www.fidelity.com/learning-center/trading-investing/investing-in-bitcoin","/investing-in-bitcoin"
2018,"investing in quality",0,0,0,1,"https://www.fidelity.com/learning-center/trading-investing/investing-in-quality","/investing-in-quality"
2019,"investing in reits",0,0,0,1,"https://www.fidelity.com/learning-center/trading-investing/investing-in-reits","/investing-in-reits"
2020,"iran and markets",0,0,0,1,"https://www.fidelity.com/learning-center/trading-investing/iran-and-markets","/iran-and-markets"
2021,"long term investments",0,0,0,1,"https://www.fidelity.com/learning-center/trading-investing/long-term-investments","/long-term-investments"
2022,"margin debt protection",0,0,0,1,"https://www.fidelity.com/learning-center/trading-investing/margin-debt-protection","/margin-debt-protection"
2023,"stock investing ideas",0,0,0,1,"https://www.fidelity.com/learning-center/trading-investing/markets-sectors/stock-investing-ideas","/stock-investing-ideas"
2024,"more trading strategies",0,0,0,1,"https://www.fidelity.com/learning-center/trading-investing/more-trading-strategies","/more-trading-strategies"
2025,"rate of return",0,0,0,1,"https://www.fidelity.com/learning-center/trading-investing/rate-of-return","/rate-of-return"
2026,"separately managed accounts",0,0,0,1,"https://www.fidelity.com/learning-center/trading-investing/separately-managed-accounts","/separately-managed-accounts"
2027,"taxable brokerage account",0,0,0,1,"https://www.fidelity.com/learning-center/trading-investing/taxable-brokerage-account","/taxable-brokerage-account"
2028,"investing in ipos",0,0,0,1,"https://www.fidelity.com/learning-center/trading-investing/trading/investing-in-ipos","/investing-in-ipos"
2029,"thematic investing disruptors",0,0,0,1,"https://www.fidelity.com/learning-center/trading-investing/trading/thematic-investing-disruptors","/thematic-investing-disruptors"
2030,"types of investments",0,0,0,1,"https://www.fidelity.com/learning-center/trading-investing/types-of-investments","/types-of-investments"
2031,"5 investing mistakes",0,0,0,1,"https://www.fidelity.com/learning-center/wealth-management-insights/5-investing-mistakes","/5-investing-mistakes"
2032,"aligning retirement vision",0,0,0,1,"https://www.fidelity.com/learning-center/wealth-management-insights/aligning-retirement-vision","/aligning-retirement-vision"
2033,"concentrated stock positions",0,0,0,1,"https://www.fidelity.com/learning-center/wealth-management-insights/concentrated-stock-positions","/concentrated-stock-positions"
2034,"consider intrafamily loans",0,0,0,1,"https://www.fidelity.com/learning-center/wealth-management-insights/consider-intrafamily-loans","/consider-intrafamily-loans"
2035,"diversify concentrated positions",0,0,0,1,"https://www.fidelity.com/learning-center/wealth-management-insights/diversify-concentrated-positions","/diversify-concentrated-positions"
2036,"emotional investing video",0,0,0,1,"https://www.fidelity.com/learning-center/wealth-management-insights/emotional-investing-video","/emotional-investing-video"
2037,"inheritance money moves",0,0,0,1,"https://www.fidelity.com/learning-center/wealth-management-insights/inheritance-money-moves","/inheritance-money-moves"
2038,"investing with confidence",0,0,0,1,"https://www.fidelity.com/learning-center/wealth-management-insights/investing-with-confidence","/investing-with-confidence"
2039,"moving and taxes",0,0,0,1,"https://www.fidelity.com/learning-center/wealth-management-insights/moving-and-taxes","/moving-and-taxes"
2040,"recession defensive investing",0,0,0,1,"https://www.fidelity.com/learning-center/wealth-management-insights/recession-defensive-investing","/recession-defensive-investing"
2041,"retirement leisure spending",0,0,0,1,"https://www.fidelity.com/learning-center/wealth-management-insights/retirement-leisure-spending","/retirement-leisure-spending"
2042,"retirement master plan",0,0,0,1,"https://www.fidelity.com/learning-center/wealth-management-insights/retirement-master-plan","/retirement-master-plan"
2043,"roth conversion video",0,0,0,1,"https://www.fidelity.com/learning-center/wealth-management-insights/roth-conversion-video","/roth-conversion-video"
2044,"second home taxes",0,0,0,1,"https://www.fidelity.com/learning-center/wealth-management-insights/second-home-taxes","/second-home-taxes"
2045,"transitioning to retirement",0,0,0,1,"https://www.fidelity.com/learning-center/wealth-management-insights/transitioning-to-retirement","/transitioning-to-retirement"
2046,"transition to retirement",0,0,0,1,"https://www.fidelity.com/learning-center/wealth-management-insights/transition-to-retirement","/transition-to-retirement"
2047,"women talk money",0,0,0,1,"https://www.fidelity.com/learning-center/women-talk-money","/women-talk-money"
2048,"getting started investing",0,0,0,1,"https://www.fidelity.com/learning-center/women-talk-money/getting-started-investing","/getting-started-investing"
2049,"investing through volatility",0,0,0,1,"https://www.fidelity.com/learning-center/women-talk-money/investing-through-volatility","/investing-through-volatility"
2050,"next steps investing",0,0,0,1,"https://www.fidelity.com/learning-center/women-talk-money/next-steps-investing","/next-steps-investing"
2051,"saving debt toolkit",0,0,0,1,"https://www.fidelity.com/learning-center/women-talk-money/saving-debt-toolkit","/saving-debt-toolkit"
2052,"investment account faqs",0,0,0,1,"https://www.fidelity.com/managed-accounts/fidelity-go/investment-account-faqs","/investment-account-faqs"
2053,"fidelity investments app",0,0,0,1,"https://www.fidelity.com/mobile/fidelity-investments-app","/fidelity-investments-app"
2054,"institutional investors options",0,0,0,1,"https://www.fidelity.com/mutual-funds/fidelity-funds/institutional-investors-options","/institutional-investors-options"
2055,"municipal money market",0,0,0,1,"https://www.fidelity.com/mutual-funds/fidelity-funds/municipal-money-market","/municipal-money-market"
2056,"prime money market",0,0,0,1,"https://www.fidelity.com/mutual-funds/fidelity-funds/prime-money-market","/prime-money-market"
2057,"health savings funds",0,0,0,1,"https://www.fidelity.com/mutual-funds/mutual-fund-spotlights/health-savings-funds","/health-savings-funds"
2058,"money market funds",0,0,0,1,"https://www.fidelity.com/mutual-funds/mutual-fund-spotlights/money-market-funds","/money-market-funds"
2059,"learn er advanced.shtml",0,0,0,1,"https://www.fidelity.com/quick-content/etf/help/research/learn_er_advanced.shtml","/learn-er-advanced.shtml"
2060,"learn er browsing.shtml",0,0,0,1,"https://www.fidelity.com/quick-content/etf/help/research/learn_er_browsing.shtml","/learn-er-browsing.shtml"
2061,"learn er cef.shtml",0,0,0,1,"https://www.fidelity.com/quick-content/etf/help/research/learn_er_cef.shtml","/learn-er-cef.shtml"
2062,"learn er comparing.shtml",0,0,0,1,"https://www.fidelity.com/quick-content/etf/help/research/learn_er_comparing.shtml","/learn-er-comparing.shtml"
2063,"learn er contents.shtml",0,0,0,1,"https://www.fidelity.com/quick-content/etf/help/research/learn_er_contents.shtml","/learn-er-contents.shtml"
2064,"learn er etf.shtml",0,0,0,1,"https://www.fidelity.com/quick-content/etf/help/research/learn_er_etf.shtml","/learn-er-etf.shtml"
2065,"learn er evaluating.shtml",0,0,0,1,"https://www.fidelity.com/quick-content/etf/help/research/learn_er_evaluating.shtml","/learn-er-evaluating.shtml"
2066,"learn er expert.shtml",0,0,0,1,"https://www.fidelity.com/quick-content/etf/help/research/learn_er_expert.shtml","/learn-er-expert.shtml"
2067,"learn er fundamentals.shtml",0,0,0,1,"https://www.fidelity.com/quick-content/etf/help/research/learn_er_fundamentals.shtml","/learn-er-fundamentals.shtml"
2068,"learn er glossary.shtml",0,0,0,1,"https://www.fidelity.com/quick-content/etf/help/research/learn_er_glossary.shtml","/learn-er-glossary.shtml"
2069,"learn er monitoring.shtml",0,0,0,1,"https://www.fidelity.com/quick-content/etf/help/research/learn_er_monitoring.shtml","/learn-er-monitoring.shtml"
2070,"learn er news.shtml",0,0,0,1,"https://www.fidelity.com/quick-content/etf/help/research/learn_er_news.shtml","/learn-er-news.shtml"
2071,"learn er opinions.shtml",0,0,0,1,"https://www.fidelity.com/quick-content/etf/help/research/learn_er_opinions.shtml","/learn-er-opinions.shtml"
2072,"learn er performing.shtml",0,0,0,1,"https://www.fidelity.com/quick-content/etf/help/research/learn_er_performing.shtml","/learn-er-performing.shtml"
2073,"learn er preferred.shtml",0,0,0,1,"https://www.fidelity.com/quick-content/etf/help/research/learn_er_preferred.shtml","/learn-er-preferred.shtml"
2074,"learn er quotes.shtml",0,0,0,1,"https://www.fidelity.com/quick-content/etf/help/research/learn_er_quotes.shtml","/learn-er-quotes.shtml"
2075,"learn er results.shtml",0,0,0,1,"https://www.fidelity.com/quick-content/etf/help/research/learn_er_results.shtml","/learn-er-results.shtml"
2076,"learn er scorecard.shtml",0,0,0,1,"https://www.fidelity.com/quick-content/etf/help/research/learn_er_scorecard.shtml","/learn-er-scorecard.shtml"
2077,"learn er searching.shtml",0,0,0,1,"https://www.fidelity.com/quick-content/etf/help/research/learn_er_searching.shtml","/learn-er-searching.shtml"
2078,"learn er sectors.shtml",0,0,0,1,"https://www.fidelity.com/quick-content/etf/help/research/learn_er_sectors.shtml","/learn-er-sectors.shtml"
2079,"learn er snapshot.shtml",0,0,0,1,"https://www.fidelity.com/quick-content/etf/help/research/learn_er_snapshot.shtml","/learn-er-snapshot.shtml"
2080,"learn er values.shtml",0,0,0,1,"https://www.fidelity.com/quick-content/etf/help/research/learn_er_values.shtml","/learn-er-values.shtml"
2081,"compare retirement plans",0,0,0,1,"https://www.fidelity.com/retirement-ira/small-business/compare-retirement-plans","/compare-retirement-plans"
2082,"investment only plans",0,0,0,1,"https://www.fidelity.com/retirement-ira/small-business/investment-only-plans","/investment-only-plans"
2083,"plan for retirement",0,0,0,1,"https://www.fidelity.com/retirement-planning/plan-for-retirement","/plan-for-retirement"
2084,"sector investment strategies",0,0,0,1,"https://www.fidelity.com/sector-investing/sector-investment-strategies","/sector-investment-strategies"
2085,"faqs move money",0,0,0,1,"https://www.fidelity.com/spend-save/faqs-move-money","/faqs-move-money"
2086,"faqs payment services",0,0,0,1,"https://www.fidelity.com/spend-save/faqs-payment-services","/faqs-payment-services"
2087,"one time payments",0,0,0,1,"https://www.fidelity.com/spend-save/help-center/credit-card/one-time-payments","/one-time-payments"
2088,"transfer money shares",0,0,0,1,"https://www.fidelity.com/spend-save/transfer-money-shares","/transfer-money-shares"
2089,"taxes and filing",0,0,0,1,"https://www.fidelity.com/stock-plan-services/taxes-and-filing","/taxes-and-filing"
2090,"overview ey taxchat",0,0,0,1,"https://www.fidelity.com/tax-information/overview-ey-taxchat","/overview-ey-taxchat"
2091,"taxes overview b",0,0,0,1,"https://www.fidelity.com/tax-information/taxes-overview-b","/taxes-overview-b"
2092,"commissions margin rates",0,0,0,1,"https://www.fidelity.com/trading/commissions-margin-rates","/commissions-margin-rates"
2093,"zacks investment research",0,0,0,1,"https://www.fidelity.com/trading/research-firms/zacks-investment-research","/zacks-investment-research"
2094,"charts and investing",0,0,0,1,"https://www.fidelity.com/viewpoints/active-investor/charts-and-investing","/charts-and-investing"
2095,"iron condor strategy",0,0,0,1,"https://www.fidelity.com/viewpoints/active-investor/iron-condor-strategy","/iron-condor-strategy"
2096,"options expiration date",0,0,0,1,"https://www.fidelity.com/viewpoints/active-investor/options-expiration-date","/options-expiration-date"
2097,"strangle options strategy",0,0,0,1,"https://www.fidelity.com/viewpoints/active-investor/strangle-options-strategy","/strangle-options-strategy"
2098,"using short interest",0,0,0,1,"https://www.fidelity.com/viewpoints/active-investor/using-short-interest","/using-short-interest"
2099,"bond ladder strategy",0,0,0,1,"https://www.fidelity.com/viewpoints/investing-ideas/bond-ladder-strategy","/bond-ladder-strategy"
2100,"defensive portfolio investing",0,0,0,1,"https://www.fidelity.com/viewpoints/investing-ideas/defensive-portfolio-investing","/defensive-portfolio-investing"
2101,"6 money myths",0,0,0,1,"https://www.fidelity.com/viewpoints/personal-finance/6-money-myths","/6-money-myths"
2102,"millennial money mistakes",0,0,0,1,"https://www.fidelity.com/viewpoints/personal-finance/millennial-money-mistakes","/millennial-money-mistakes"
2103,"special needs savings",0,0,0,1,"https://www.fidelity.com/viewpoints/personal-finance/special-needs-savings","/special-needs-savings"
2104,"countdown to retirement",0,0,0,1,"https://www.fidelity.com/viewpoints/retirement/countdown-to-retirement","/countdown-to-retirement"
2105,"early retirement bridge",0,0,0,1,"https://www.fidelity.com/viewpoints/retirement/early-retirement-bridge","/early-retirement-bridge"
2106,"planning for retirement",0,0,0,1,"https://www.fidelity.com/viewpoints/retirement/planning-for-retirement","/planning-for-retirement"
2107,"retirement and budgeting",0,0,0,1,"https://www.fidelity.com/viewpoints/retirement/retirement-and-budgeting","/retirement-and-budgeting"
2108,"safeguard retirement savings",0,0,0,1,"https://www.fidelity.com/viewpoints/retirement/safeguard-retirement-savings","/safeguard-retirement-savings"
2109,"spending in retirement",0,0,0,1,"https://www.fidelity.com/viewpoints/retirement/spending-in-retirement","/spending-in-retirement"
2110,"asset protection strategies",0,0,0,1,"https://www.fidelity.com/viewpoints/wealth-management/insights/asset-protection-strategies","/asset-protection-strategies"
2111,"trusts and taxes",0,0,0,1,"https://www.fidelity.com/viewpoints/wealth-management/insights/trusts-and-taxes","/trusts-and-taxes"
2112,"wealth management strategies",0,0,0,1,"https://www.fidelity.com/wealth-management/wealth-management-strategies","/wealth-management-strategies"
2113,"amortization schedule calculator",0,0,0,1,"https://www.zillow.com/mortgage-calculator/amortization-schedule-calculator/","/amortization-schedule-calculator"
2114,"student loans debt",0,0,0,1,"https://www.ameriprise.com/financial-goals-priorities/education-planning/student-loans-debt","/student-loans-debt"
2115,"charitable giving strategies",0,0,0,1,"https://www.ameriprise.com/financial-goals-priorities/family-estate/charitable-giving-strategies","/charitable-giving-strategies"
2116,"lifetime gifting strategies",0,0,0,1,"https://www.ameriprise.com/financial-goals-priorities/family-estate/lifetime-gifting-strategies","/lifetime-gifting-strategies"
2117,"health insurance taxes",0,0,0,1,"https://www.ameriprise.com/financial-goals-priorities/insurance-health/health-insurance-taxes","/health-insurance-taxes"
2118,"taxes and insurance",0,0,0,1,"https://www.ameriprise.com/financial-goals-priorities/insurance-health/taxes-and-insurance","/taxes-and-insurance"
2119,"why life insurance",0,0,0,1,"https://www.ameriprise.com/financial-goals-priorities/insurance-health/why-life-insurance","/why-life-insurance"
2120,"credit scores explained",0,0,0,1,"https://www.ameriprise.com/financial-goals-priorities/personal-finance/credit-scores-explained","/credit-scores-explained"
2121,"divorce and finances",0,0,0,1,"https://www.ameriprise.com/financial-goals-priorities/personal-finance/divorce-and-finances","/divorce-and-finances"
2122,"effective debt management",0,0,0,1,"https://www.ameriprise.com/financial-goals-priorities/personal-finance/effective-debt-management","/effective-debt-management"
2123,"marriage and finances",0,0,0,1,"https://www.ameriprise.com/financial-goals-priorities/personal-finance/marriage-and-finances","/marriage-and-finances"
2124,"strategic expense management",0,0,0,1,"https://www.ameriprise.com/financial-goals-priorities/personal-finance/strategic-expense-management","/strategic-expense-management"
2125,"systematic savings plan",0,0,0,1,"https://www.ameriprise.com/financial-goals-priorities/personal-finance/systematic-savings-plan","/systematic-savings-plan"
2126,"consolidating retirement accounts",0,0,0,1,"https://www.ameriprise.com/financial-goals-priorities/retirement/consolidating-retirement-accounts","/consolidating-retirement-accounts"
2127,"maximize retirement contributions",0,0,0,1,"https://www.ameriprise.com/financial-goals-priorities/retirement/maximize-retirement-contributions","/maximize-retirement-contributions"
2128,"retirement account options",0,0,0,1,"https://www.ameriprise.com/financial-goals-priorities/retirement/retirement-account-options","/retirement-account-options"
2129,"retirement planning basics",0,0,0,1,"https://www.ameriprise.com/financial-goals-priorities/retirement/retirement-planning-basics","/retirement-planning-basics"
2130,"retirement savings mistakes",0,0,0,1,"https://www.ameriprise.com/financial-goals-priorities/retirement/retirement-savings-mistakes","/retirement-savings-mistakes"
2131,"what are iras",0,0,0,1,"https://www.ameriprise.com/financial-goals-priorities/retirement/what-are-iras","/what-are-iras"
2132,"working after retirement",0,0,0,1,"https://www.ameriprise.com/financial-goals-priorities/retirement/working-after-retirement","/working-after-retirement"
2133,"your ideal retirement",0,0,0,1,"https://www.ameriprise.com/financial-goals-priorities/retirement/your-ideal-retirement","/your-ideal-retirement"
2134,"capital gains taxes",0,0,0,1,"https://www.ameriprise.com/financial-goals-priorities/taxes/capital-gains-taxes","/capital-gains-taxes"
2135,"accelerated debt payoff",0,0,0,1,"https://www.ameriprise.com/financial-news-research/financial-calculators/accelerated-debt-payoff","/accelerated-debt-payoff"
2136,"college savings calculator",0,0,0,1,"https://www.ameriprise.com/financial-news-research/financial-calculators/college-savings-calculator","/college-savings-calculator"
2137,"compounding interest calculator",0,0,0,1,"https://www.ameriprise.com/financial-news-research/financial-calculators/compounding-interest-calculator","/compounding-interest-calculator"
2138,"investment return calculator",0,0,0,1,"https://www.ameriprise.com/financial-news-research/financial-calculators/investment-return-calculator","/investment-return-calculator"
2139,"net worth calculator",0,0,0,1,"https://www.ameriprise.com/financial-news-research/financial-calculators/net-worth-calculator","/net-worth-calculator"
2140,"retirement savings calculator",0,0,0,1,"https://www.ameriprise.com/financial-news-research/financial-calculators/retirement-savings-calculator","/retirement-savings-calculator"
2141,"savings taxes inflation",0,0,0,1,"https://www.ameriprise.com/financial-news-research/financial-calculators/savings-taxes-inflation","/savings-taxes-inflation"
2142,"variable annuity calculator",0,0,0,1,"https://www.ameriprise.com/financial-news-research/financial-calculators/variable-annuity-calculator","/variable-annuity-calculator"
2143,"insurance performance reports",0,0,0,1,"https://www.ameriprise.com/products/insurance-annuities/life-insurance/insurance-performance-reports","/insurance-performance-reports"
2144,"insurance unit values",0,0,0,1,"https://www.ameriprise.com/products/insurance-annuities/life-insurance/insurance-unit-values","/insurance-unit-values"
2145,"life insurance prospectuses",0,0,0,1,"https://www.ameriprise.com/products/insurance-annuities/life-insurance/life-insurance-prospectuses","/life-insurance-prospectuses"
2146,"college savings plans",0,0,0,1,"https://www.ameriprise.com/products/investments/college-savings-plans","/college-savings-plans"
2147,"iras retirement plans",0,0,0,1,"https://www.ameriprise.com/products/investments/iras-retirement-plans","/iras-retirement-plans"
2148,"minimum wage",0,0,0,1,"https://www.paycheckcity.com/insights/minimum-wage","/minimum-wage"
2149,"olympics taxes",0,0,0,1,"https://www.paycheckcity.com/insights/olympics-taxes","/olympics-taxes"
2150,"car calculator",0,0,0,1,"http://www.calcxml.com/calculators/car-calculator","/car-calculator"
2151,"restructuring debt",0,0,0,1,"http://www.calcxml.com/calculators/restructuring-debt","/restructuring-debt"
2152,"home affordability",0,0,0,1,"http://www.calcxml.com/calculators/home-affordability","/home-affordability"
2153,"investment return",0,0,0,1,"http://www.calcxml.com/calculators/investment-return","/investment-return"
2154,"interest calculator",0,0,0,1,"http://www.calcxml.com/calculators/interest-calculator","/interest-calculator"
2155,"double savings",0,0,0,1,"http://www.calcxml.com/calculators/double-savings?pdf=1&amp;advisor=1","/double-savings"
2156,"retirement planning.pdf",0,0,0,1,"http://www.calcxml.com/downloads/retirement-planning.pdf","/retirement-planning.pdf"
2157,"retirement plans",0,0,0,1,"https://www.tiaa.org/public/retire/financial-products/retirement-plans","/retirement-plans"
2158,"retirement savings",0,0,0,1,"https://www.tiaa.org/public/invest/services/wealth-management/perspectives/retirement-savings","/retirement-savings"
2159,"retirement plan",0,0,0,1,"https://www.tiaa.org/public/invest/services/wealth-management/perspectives/retirement-plan","/retirement-plan"
2160,"longevity literate",0,0,0,1,"https://www.tiaa.org/public/invest/services/wealth-management/perspectives/longevity-literate","/longevity-literate"
2161,"student loans",0,0,0,1,"https://www.tiaa.org/public/invest/services/wealth-management/perspectives/student-loans","/student-loans"
2162,"retirement paycheck",0,0,0,1,"https://www.tiaa.org/public/invest/services/wealth-management/retirement-paycheck","/retirement-paycheck"
2163,"investment products",0,0,0,1,"https://www.tiaa.org/public/invest/services/wealth-management/investment-products","/investment-products"
2164,"investment performance",0,0,0,1,"https://www.tiaa.org/public/invest/investment-performance","/investment-performance"
2165,"responsible investing",0,0,0,1,"https://www.tiaa.org/public/about-tiaa/how-we-help/how-we-invest/responsible-investing","/responsible-investing"
2166,"retireplus product",0,0,0,1,"https://www.tiaa.org/public/plansponsors/investment-solutions/retireplus-product","/retireplus-product"
2167,"institutional investors",0,0,0,1,"https://www.tiaa.org/public/consultants/site-structure/institutional-investors","/institutional-investors"
2168,"value learning",0,0,0,1,"https://www.tiaa.org/public/institute/publication/2006/value-learning","/value-learning"
2169,"luis viceira",0,0,0,1,"https://www.tiaa.org/public/institute/about/people/luis-viceira","/luis-viceira"
2170,"behavioral finance",0,0,0,1,"https://www.tiaa.org/public/institute/focus/behavioral-finance","/behavioral-finance"
2171,"rmd tool",0,0,0,1,"https://www.tiaa.org/public/land/product-demo/rmd-tool","/rmd-tool"
2172,"pcb tool",0,0,0,1,"https://www.tiaa.org/public/land/product-demo/pcb-tool","/pcb-tool"
2173,"investment watchlist",0,0,0,1,"https://www.tiaa.org/public/investment-performance/investment-watchlist","/investment-watchlist"
2174,"tools calculators",0,0,0,1,"https://www.tiaa.org/public/tools-calculators","/tools-calculators"
2175,"retirement readiness",0,0,0,1,"https://www.tiaa.org/public/education/essentials/annuitization/retirement-readiness","/retirement-readiness"
2176,"retirement budget",0,0,0,1,"https://www.tiaa.org/public/education/essentials/annuitization/retirement-budget","/retirement-budget"
2177,"retirement risks",0,0,0,1,"https://www.tiaa.org/public/education/essentials/annuitization/retirement-risks","/retirement-risks"
2178,"money mindset",0,0,0,1,"https://www.tiaa.org/public/education/essentials/annuitization/money-mindset","/money-mindset"
2179,"retirement investment",0,0,0,1,"https://www.tiaa.org/public/education/essentials/workplace-retirement-plan/retirement-investment","/retirement-investment"
2180,"investment solutions",0,0,0,1,"https://www.tiaa.org/public/consultants/investment-solutions","/investment-solutions"
2181,"three strategies",0,0,0,1,"https://www.tiaa.org/public/land/three_strategies","/three-strategies"
2182,"incometaxes retirement",0,0,0,1,"https://www.tiaa.org/public/land/incometaxes_retirement","/incometaxes-retirement"
2183,"financial calculators0",0,0,0,1,"https://www.tiaa.org/public/retire/financial-calculators0","/financial-calculators0"
2184,"retirement advice",0,0,0,1,"https://www.tiaa.org/public/land/retire-inequality/retirement-advice","/retirement-advice"
2185,"withdrawal strategies",0,0,0,1,"https://www.tiaa.org/public/learn/retirement-planning-and-beyond/withdrawal-strategies","/withdrawal-strategies"
2186,"auto loans",0,0,0,1,"https://www.wellsfargo.com/auto-loans/","/auto-loans"
2187,"investing wealth",0,0,0,1,"https://www.wellsfargo.com/investing-wealth/","/investing-wealth"
2188,"personal loans",0,0,0,1,"https://www.wellsfargo.com/personal-loans/","/personal-loans"
2189,"savings cds",0,0,0,1,"https://www.wellsfargo.com/savings-cds/","/savings-cds"
2190,"make payments",0,0,0,1,"https://www.wellsfargo.com/auto-loans/make-payments/","/make-payments"
2191,"business credit",0,0,0,1,"https://www.wellsfargo.com/biz/business-credit/","/business-credit"
2192,"payments comparison",0,0,0,1,"https://www.wellsfargo.com/biz/online-banking/payments-comparison/","/payments-comparison"
2193,"market rate",0,0,0,1,"https://www.wellsfargo.com/biz/savings/market-rate/","/market-rate"
2194,"commercial credit",0,0,0,1,"https://www.wellsfargo.com/biz/verification-deposit/commercial-credit/","/commercial-credit"
2195,"investment banking",0,0,0,1,"https://www.wellsfargo.com/cib/investment-banking/","/investment-banking"
2196,"municipal finance",0,0,0,1,"https://www.wellsfargo.com/cib/global-markets/municipal-finance/","/municipal-finance"
2197,"tigercat finance",0,0,0,1,"https://www.wellsfargo.com/com/focus/tigercat-finance/","/tigercat-finance"
2198,"payments fraud",0,0,0,1,"https://www.wellsfargo.com/com/fraud/payments-fraud/","/payments-fraud"
2199,"commodity finance",0,0,0,1,"https://www.wellsfargo.com/com/industry/commodity-finance/","/commodity-finance"
2200,"equipment finance",0,0,0,1,"https://www.wellsfargo.com/com/insights/equipment-finance/","/equipment-finance"
2201,"inventory finance",0,0,0,1,"https://www.wellsfargo.com/com/solutions/inventory-finance/","/inventory-finance"
2202,"strategic capital",0,0,0,1,"https://www.wellsfargo.com/com/solutions/strategic-capital/","/strategic-capital"
2203,"supplier finance",0,0,0,1,"https://www.wellsfargo.com/com/solutions/global-receivables-and-trade/supplier-finance/","/supplier-finance"
2204,"budgeting resources",0,0,0,1,"https://www.wellsfargo.com/es/financial-assistance/budgeting-resources/","/budgeting-resources"
2205,"simplify payments",0,0,0,1,"https://www.wellsfargo.com/es/financial-assistance/simplify-payments/","/simplify-payments"
2206,"credit 101",0,0,0,1,"https://www.wellsfargo.com/es/goals-credit/smarter-credit/credit-101/","/credit-101"
2207,"improve credit",0,0,0,1,"https://www.wellsfargo.com/es/goals-credit/smarter-credit/improve-credit/","/improve-credit"
2208,"rebuild credit",0,0,0,1,"https://www.wellsfargo.com/es/goals-credit/smarter-credit/improve-credit/rebuild-credit/","/rebuild-credit"
2209,"checking savings",0,0,0,1,"https://www.wellsfargo.com/es/help/checking-savings/","/checking-savings"
2210,"affordable options",0,0,0,1,"https://www.wellsfargo.com/es/mortgage/buying-a-house/affordable-options/","/affordable-options"
2211,"payment help",0,0,0,1,"https://www.wellsfargo.com/es/mortgage/manage-account/payment-help/","/payment-help"
2212,"apply investment",0,0,0,1,"https://www.wellsfargo.com/help/apply-investment/","/apply-investment"
2213,"rate quote",0,0,0,1,"https://www.wellsfargo.com/mortgage/rate-quote/","/rate-quote"
2214,"earnest money",0,0,0,1,"https://www.wellsfargo.com/mortgage/learn/earnest-money/","/earnest-money"
2215,"rate lock",0,0,0,1,"https://www.wellsfargo.com/mortgage/learn/rate-lock/","/rate-lock"
2216,"va loans",0,0,0,1,"https://www.wellsfargo.com/mortgage/loan-programs/va-loans/","/va-loans"
2217,"emergency loans",0,0,0,1,"https://www.wellsfargo.com/personal-loans/emergency-loans/","/emergency-loans"
2218,"medical loans",0,0,0,1,"https://www.wellsfargo.com/personal-loans/medical-loans/","/medical-loans"
2219,"moving loans",0,0,0,1,"https://www.wellsfargo.com/personal-loans/moving-loans/","/moving-loans"
2220,"vacation loans",0,0,0,1,"https://www.wellsfargo.com/personal-loans/vacation-loans/","/vacation-loans"
2221,"wedding loans",0,0,0,1,"https://www.wellsfargo.com/personal-loans/wedding-loans/","/wedding-loans"
2222,"calculators tools",0,0,0,1,"https://www.fidelity.com/529-plans/calculators-tools","/calculators-tools"
2223,"investment options",0,0,0,1,"https://www.fidelity.com/529-plans/investment-options","/investment-options"
2224,"college savings",0,0,0,1,"https://www.fidelity.com/calculators-tools/college-savings","/college-savings"
2225,"depositing money",0,0,0,1,"https://www.fidelity.com/crypto/help/deposits-withdrawals/depositing-money","/depositing-money"
2226,"withdrawing money",0,0,0,1,"https://www.fidelity.com/crypto/help/deposits-withdrawals/withdrawing-money","/withdrawing-money"
2227,"retirement contributions",0,0,0,1,"https://www.fidelity.com/crypto/help/taxes-ira/retirement-contributions","/retirement-contributions"
2228,"retirement distributions",0,0,0,1,"https://www.fidelity.com/crypto/help/taxes-ira/retirement-distributions","/retirement-distributions"
2229,"deposit money",0,0,0,1,"https://www.fidelity.com/customer-service/deposit-money","/deposit-money"
2230,"money movement",0,0,0,1,"https://www.fidelity.com/customer-service/money-movement","/money-movement"
2231,"bond tools",0,0,0,1,"https://www.fidelity.com/fixed-income-bonds/bond-tools","/bond-tools"
2232,"investing start",0,0,0,1,"https://www.fidelity.com/go/investing-start","/investing-start"
2233,"business budget",0,0,0,1,"https://www.fidelity.com/learning-center/life-events/business-budget","/business-budget"
2234,"house budget",0,0,0,1,"https://www.fidelity.com/learning-center/life-events/house-budget","/house-budget"
2235,"money unscripted",0,0,0,1,"https://www.fidelity.com/learning-center/money-unscripted","/money-unscripted"
2236,"automate savings",0,0,0,1,"https://www.fidelity.com/learning-center/personal-finance/automate-savings","/automate-savings"
2237,"giving money",0,0,0,1,"https://www.fidelity.com/learning-center/personal-finance/charitable-giving/giving-money","/giving-money"
2238,"term insurance",0,0,0,1,"https://www.fidelity.com/learning-center/personal-finance/family-financial-safety/term-insurance","/term-insurance"
2239,"free money",0,0,0,1,"https://www.fidelity.com/learning-center/personal-finance/free-money","/free-money"
2240,"homeowners insurance",0,0,0,1,"https://www.fidelity.com/learning-center/personal-finance/homeowners-insurance","/homeowners-insurance"
2241,"hsa investing",0,0,0,1,"https://www.fidelity.com/learning-center/personal-finance/hsa-investing","/hsa-investing"
2242,"improving credit",0,0,0,1,"https://www.fidelity.com/learning-center/personal-finance/improving-credit","/improving-credit"
2243,"investment property",0,0,0,1,"https://www.fidelity.com/learning-center/personal-finance/investment-property","/investment-property"
2244,"investment risk",0,0,0,1,"https://www.fidelity.com/learning-center/personal-finance/investment-risk","/investment-risk"
2245,"managing debt",0,0,0,1,"https://www.fidelity.com/learning-center/personal-finance/managing-debt","/managing-debt"
2246,"managing taxes",0,0,0,1,"https://www.fidelity.com/learning-center/personal-finance/managing-taxes/managing-taxes","/managing-taxes"
2247,"micro investing",0,0,0,1,"https://www.fidelity.com/learning-center/personal-finance/micro-investing","/micro-investing"
2248,"mini retirement",0,0,0,1,"https://www.fidelity.com/learning-center/personal-finance/mini-retirement","/mini-retirement"
2249,"mobile payments",0,0,0,1,"https://www.fidelity.com/learning-center/personal-finance/mobile-payments","/mobile-payments"
2250,"money dates",0,0,0,1,"https://www.fidelity.com/learning-center/personal-finance/money-dates","/money-dates"
2251,"money dysmorphia",0,0,0,1,"https://www.fidelity.com/learning-center/personal-finance/money-dysmorphia","/money-dysmorphia"
2252,"money management",0,0,0,1,"https://www.fidelity.com/learning-center/personal-finance/money-management","/money-management"
2253,"retirement checklist",0,0,0,1,"https://www.fidelity.com/learning-center/personal-finance/retirement/retirement-checklist","/retirement-checklist"
2254,"retirement roadmap",0,0,0,1,"https://www.fidelity.com/learning-center/personal-finance/retirement/retirement-roadmap","/retirement-roadmap"
2255,"retirement education",0,0,0,1,"https://www.fidelity.com/learning-center/personal-finance/retirement-education","/retirement-education"
2256,"savings plan",0,0,0,1,"https://www.fidelity.com/learning-center/personal-finance/savings-plan","/savings-plan"
2257,"semi retirement",0,0,0,1,"https://www.fidelity.com/learning-center/personal-finance/semi-retirement","/semi-retirement"
2258,"unfreeze credit",0,0,0,1,"https://www.fidelity.com/learning-center/personal-finance/unfreeze-credit","/unfreeze-credit"
2259,"smart money",0,0,0,1,"https://www.fidelity.com/learning-center/smart-money","/smart-money"
2260,"budgeting tips%20",0,0,0,1,"https://www.fidelity.com/learning-center/smart-money/budgeting-tips%20","/budgeting-tips%20"
2261,"cobra insurance",0,0,0,1,"https://www.fidelity.com/learning-center/smart-money/cobra-insurance","/cobra-insurance"
2262,"holiday budgeting",0,0,0,1,"https://www.fidelity.com/learning-center/smart-money/holiday-budgeting","/holiday-budgeting"
2263,"hsa reimbursement%20",0,0,0,1,"https://www.fidelity.com/learning-center/smart-money/hsa-reimbursement%20","/hsa-reimbursement%20"
2264,"investing basics",0,0,0,1,"https://www.fidelity.com/learning-center/smart-money/investing-basics","/investing-basics"
2265,"investing strategies",0,0,0,1,"https://www.fidelity.com/learning-center/smart-money/investing-strategies","/investing-strategies"
2266,"investing tips",0,0,0,1,"https://www.fidelity.com/learning-center/smart-money/investing-tips","/investing-tips"
2267,"investment accounts",0,0,0,1,"https://www.fidelity.com/learning-center/smart-money/investment-accounts","/investment-accounts"
2268,"investment funds",0,0,0,1,"https://www.fidelity.com/learning-center/smart-money/investment-funds","/investment-funds"
2269,"investment types",0,0,0,1,"https://www.fidelity.com/learning-center/smart-money/investment-types","/investment-types"
2270,"itemized deductions",0,0,0,1,"https://www.fidelity.com/learning-center/smart-money/itemized-deductions","/itemized-deductions"
2271,"money hacks",0,0,0,1,"https://www.fidelity.com/learning-center/smart-money/money-hacks","/money-hacks"
2272,"property taxes",0,0,0,1,"https://www.fidelity.com/learning-center/smart-money/property-taxes","/property-taxes"
2273,"retirement accounts",0,0,0,1,"https://www.fidelity.com/learning-center/smart-money/retirement-accounts","/retirement-accounts"
2274,"savers credit",0,0,0,1,"https://www.fidelity.com/learning-center/smart-money/savers-credit","/savers-credit"
2275,"standard deduction",0,0,0,1,"https://www.fidelity.com/learning-center/smart-money/standard-deduction","/standard-deduction"
2276,"unclaimed money",0,0,0,1,"https://www.fidelity.com/learning-center/smart-money/unclaimed-money","/unclaimed-money"
2277,"alternative investing",0,0,0,1,"https://www.fidelity.com/learning-center/trading-investing/alternative-investing","/alternative-investing"
2278,"compound interest",0,0,0,1,"https://www.fidelity.com/learning-center/trading-investing/compound-interest","/compound-interest"
2279,"earnings video",0,0,0,1,"https://www.fidelity.com/learning-center/trading-investing/fundamental-analysis/earnings-video","/earnings-video"
2280,"housing affordability",0,0,0,1,"https://www.fidelity.com/learning-center/trading-investing/housing-affordability","/housing-affordability"
2281,"investing outlook",0,0,0,1,"https://www.fidelity.com/learning-center/trading-investing/investing-outlook","/investing-outlook"
2282,"recurring investment",0,0,0,1,"https://www.fidelity.com/learning-center/trading-investing/recurring-investment","/recurring-investment"
2283,"smart investor",0,0,0,1,"https://www.fidelity.com/learning-center/trading-investing/smart-investor","/smart-investor"
2284,"money flow",0,0,0,1,"https://www.fidelity.com/learning-center/trading-investing/technical-analysis/technical-indicator-guide/money-flow","/money-flow"
2285,"percent b",0,0,0,1,"https://www.fidelity.com/learning-center/trading-investing/technical-analysis/technical-indicator-guide/percent-b","/percent-b"
2286,"exit strategies",0,0,0,1,"https://www.fidelity.com/learning-center/trading-investing/trading/exit-strategies","/exit-strategies"
2287,"margin borrowing",0,0,0,1,"https://www.fidelity.com/learning-center/trading-investing/trading/margin-borrowing","/margin-borrowing"
2288,"value investing",0,0,0,1,"https://www.fidelity.com/learning-center/trading-investing/value-investing","/value-investing"
2289,"estate taxes",0,0,0,1,"https://www.fidelity.com/learning-center/wealth-management-insights/estate-taxes","/estate-taxes"
2290,"investing biases",0,0,0,1,"https://www.fidelity.com/learning-center/wealth-management-insights/investing-biases","/investing-biases"
2291,"sustainable investing",0,0,0,1,"https://www.fidelity.com/mutual-funds/investing-ideas/sustainable-investing","/sustainable-investing"
2292,"thematic investing",0,0,0,1,"https://www.fidelity.com/mutual-funds/investing-ideas/thematic-investing","/thematic-investing"
2293,"investing ideas",0,0,0,1,"https://www.fidelity.com/news/article/investing-ideas","/investing-ideas"
2294,"investment news",0,0,0,1,"https://www.fidelity.com/news/article/investment-news","/investment-news"
2295,"faqs taxes",0,0,0,1,"https://www.fidelity.com/stock-plan-services/faqs-taxes","/faqs-taxes"
2296,"money ideas",0,0,0,1,"https://www.fidelity.com/stock-plan-services/money-ideas","/money-ideas"
2297,"ey taxchat",0,0,0,1,"https://www.fidelity.com/tax-information/tax-preparation/ey-taxchat","/ey-taxchat"
2298,"international investments",0,0,0,1,"https://www.fidelity.com/trading/investment-choices/international-investments","/international-investments"
2299,"investment research",0,0,0,1,"https://www.fidelity.com/trading/investment-choices/investment-research","/investment-research"
2300,"recurring investments",0,0,0,1,"https://www.fidelity.com/trading/recurring-investments","/recurring-investments"
2301,"scanner tool",0,0,0,1,"https://www.fidelity.com/trading/trader-desktop-user-guide/scanner-tool","/scanner-tool"
2302,"trading earnings",0,0,0,1,"https://www.fidelity.com/viewpoints/active-investor/trading-earnings","/trading-earnings"
2303,"retirement guidelines",0,0,0,1,"https://www.fidelity.com/viewpoints/retirement/retirement-guidelines","/retirement-guidelines"
2304,"successful saving",0,0,0,1,"https://www.fidelity.com/viewpoints/retirement/successful-saving","/successful-saving"
2305,"insights tools",0,0,0,1,"https://www.fidelity.com/why-fidelity/insights-tools","/insights-tools"
2306,"house affordability",0,0,0,1,"https://www.zillow.com/mortgage-calculator/house-affordability/","/house-affordability"
2307,"el mirage",0,0,0,1,"https://www.zillow.com/mortgage-rates/az/el-mirage/","/el-mirage"
2308,"stafford springs",0,0,0,1,"https://www.zillow.com/mortgage-rates/ct/stafford-springs/","/stafford-springs"
2309,"cape girardeau",0,0,0,1,"https://www.zillow.com/mortgage-rates/mo/cape-girardeau/","/cape-girardeau"
2310,"insurance health",0,0,0,1,"https://www.ameriprise.com/financial-goals-priorities/insurance-health","/insurance-health"
2311,"insurance myths",0,0,0,1,"https://www.ameriprise.com/financial-goals-priorities/insurance-health/insurance-myths","/insurance-myths"
2312,"personal finance",0,0,0,1,"https://www.ameriprise.com/financial-goals-priorities/personal-finance","/personal-finance"
2313,"pension payments",0,0,0,1,"https://www.ameriprise.com/financial-goals-priorities/retirement/pension-payments","/pension-payments"
2314,"retirement distribution",0,0,0,1,"https://www.ameriprise.com/financial-goals-priorities/retirement/retirement-distribution","/retirement-distribution"
2315,"deduction bunching",0,0,0,1,"https://www.ameriprise.com/financial-goals-priorities/taxes/deduction-bunching","/deduction-bunching"
2316,"taxact faqs",0,0,0,1,"https://www.ameriprise.com/financial-goals-priorities/taxes/taxact-faqs","/taxact-faqs"
2317,"financial calculators",0,0,0,1,"https://www.ameriprise.com/financial-news-research/financial-calculators","/financial-calculators"
2318,"insurance annuities",0,0,0,1,"https://www.ameriprise.com/products/insurance-annuities","/insurance-annuities"
2319,"disability insurance",0,0,0,1,"https://www.ameriprise.com/products/insurance-annuities/disability-insurance","/disability-insurance"
2320,"alternative investments",0,0,0,1,"https://www.ameriprise.com/products/investments/alternative-investments","/alternative-investments"
2321,"certificate rates",0,0,0,1,"https://www.ameriprise.com/products/investments/certificates/certificate-rates","/certificate-rates"